model,sample_id,label,score
模型A,s001,1,0.6935792
模型A,s002,0,0.0940404
模型A,s003,0,0.2405005
模型A,s004,1,0.9097407
模型A,s005,0,0.1831094
模型A,s006,0,0.0551125
模型A,s007,0,0.1530594
模型A,s008,1,0.9879595
模型A,s009,0,0.2439246
模型A,s010,1,0.9482496
模型A,s011,0,0.0855583
模型A,s012,1,0.4368038
模型A,s013,0,0.0544605
模型A,s014,0,0.2247679
模型A,s015,1,0.87396
模型A,s016,1,0.9555087
模型A,s017,1,0.787248
模型A,s018,0,0.2229483
模型A,s019,0,0.1692993
模型A,s020,1,0.6237222
模型A,s021,0,0.0288662
模型A,s022,1,0.9307633
模型A,s023,1,0.9014107
模型A,s024,0,0.0097664
模型A,s025,0,0.1130035
模型A,s026,0,0.3231687
模型A,s027,0,0.0396697
模型A,s028,0,0.7083625
模型A,s029,0,0.1158639
模型A,s030,0,0.4550858
模型A,s031,1,0.9068842
模型A,s032,0,0.1966649
模型A,s033,1,0.7727546
模型A,s034,1,0.8714099
模型A,s035,0,0.4486426
模型A,s036,0,0.1104936
模型A,s037,1,0.7592116
模型A,s038,0,0.0874327
模型A,s039,0,0.1768542
模型A,s040,1,0.9836128
模型A,s041,0,0.1005592
模型A,s042,0,0.0736597
模型A,s043,0,0.1815639
模型A,s044,1,0.9101803
模型A,s045,1,0.8490919
模型A,s046,0,0.3751706
模型A,s047,0,0.0668143
模型A,s048,0,0.360574
模型A,s049,1,0.9228265
模型A,s050,1,0.8689014
模型A,s051,0,0.5164114
模型A,s052,1,0.9513776
模型A,s053,0,0.0325028
模型A,s054,0,0.0365248
模型A,s055,0,0.1829335
模型A,s056,0,0.0839831
模型A,s057,1,0.9482712
模型A,s058,0,0.1529068
模型A,s059,0,0.2089182
模型A,s060,1,0.9439501
模型A,s061,1,0.8712337
模型A,s062,1,0.8847696
模型A,s063,0,0.4634116
模型A,s064,0,0.0849022
模型A,s065,0,0.0074134
模型A,s066,0,0.3729899
模型A,s067,0,0.2402524
模型A,s068,1,0.8810158
模型A,s069,0,0.406885
模型A,s070,0,0.2177729
模型A,s071,0,0.2821618
模型A,s072,0,0.2472589
模型A,s073,0,0.1096702
模型A,s074,1,0.4182958
模型A,s075,0,0.5746836
模型A,s076,0,0.0360616
模型A,s077,0,0.1771349
模型A,s078,0,0.0423137
模型A,s079,1,0.6494073
模型A,s080,0,0.2513667
模型A,s081,0,0.0489891
模型A,s082,1,0.5554377
模型A,s083,1,0.9729741
模型A,s084,1,0.6616027
模型A,s085,0,0.1402744
模型A,s086,1,0.6415505
模型A,s087,1,0.808378
模型A,s088,0,0.5123931
模型A,s089,1,0.6260899
模型A,s090,1,0.8738658
模型B,s001,1,0.9192094
模型B,s002,0,0.0939066
模型B,s003,0,0.4960508
模型B,s004,1,0.8391021
模型B,s005,0,0.0574148
模型B,s006,0,0.3581353
模型B,s007,0,0.0841001
模型B,s008,1,0.9506086
模型B,s009,0,0.6798563
模型B,s010,1,0.8459549
模型B,s011,0,0.4267355
模型B,s012,1,0.8702021
模型B,s013,0,0.4612719
模型B,s014,0,0.5087707
模型B,s015,1,0.9474399
模型B,s016,1,0.6683177
模型B,s017,1,0.4950866
模型B,s018,0,0.155029
模型B,s019,0,0.0218862
模型B,s020,1,0.4707923
模型B,s021,0,0.0860451
模型B,s022,1,0.1600818
模型B,s023,1,0.9551085
模型B,s024,0,0.4865621
模型B,s025,0,0.1252778
模型B,s026,0,0.3219295
模型B,s027,0,0.3666176
模型B,s028,0,0.1998211
模型B,s029,0,0.1935756
模型B,s030,0,0.4814702
模型B,s031,1,0.6036389
模型B,s032,0,0.2001703
模型B,s033,1,0.823102
模型B,s034,1,0.3520895
模型B,s035,0,0.265434
模型B,s036,0,0.4529937
模型B,s037,1,0.9314349
模型B,s038,0,0.2720314
模型B,s039,0,0.2306899
模型B,s040,1,0.57767
模型B,s041,0,0.3290154
模型B,s042,0,0.596158
模型B,s043,0,0.4045226
模型B,s044,1,0.8842813
模型B,s045,1,0.7686103
模型B,s046,0,0.1031732
模型B,s047,0,0.3401158
模型B,s048,0,0.1121502
模型B,s049,1,0.8134249
模型B,s050,1,0.9339718
模型B,s051,0,0.622678
模型B,s052,1,0.2976866
模型B,s053,0,0.0931375
模型B,s054,0,0.66146
模型B,s055,0,0.3259453
模型B,s056,0,0.5582467
模型B,s057,1,0.8497232
模型B,s058,0,0.0443731
模型B,s059,0,0.0282415
模型B,s060,1,0.9723516
模型B,s061,1,0.6896076
模型B,s062,1,0.7429392
模型B,s063,0,0.3510959
模型B,s064,0,0.2479573
模型B,s065,0,0.5117872
模型B,s066,0,0.098115
模型B,s067,0,0.3839319
模型B,s068,1,0.6652302
模型B,s069,0,0.276181
模型B,s070,0,0.1122436
模型B,s071,0,0.1420944
模型B,s072,0,0.1311959
模型B,s073,0,0.0697009
模型B,s074,1,0.8155446
模型B,s075,0,0.2419159
模型B,s076,0,0.6341027
模型B,s077,0,0.4349232
模型B,s078,0,0.2187691
模型B,s079,1,0.5702624
模型B,s080,0,0.3573423
模型B,s081,0,0.2326538
模型B,s082,1,0.9195017
模型B,s083,1,0.4222207
模型B,s084,1,0.7305055
模型B,s085,0,0.1647984
模型B,s086,1,0.5305124
模型B,s087,1,0.8094076
模型B,s088,0,0.0843197
模型B,s089,1,0.8820961
模型B,s090,1,0.4275658
模型C,s001,1,0.7149022
模型C,s002,0,0.70363
模型C,s003,0,0.5466387
模型C,s004,1,0.8150805
模型C,s005,0,0.3293232
模型C,s006,0,0.2386092
模型C,s007,0,0.4206028
模型C,s008,1,0.263832
模型C,s009,0,0.5155117
模型C,s010,1,0.9285214
模型C,s011,0,0.1389549
模型C,s012,1,0.3952332
模型C,s013,0,0.5277281
模型C,s014,0,0.7456732
模型C,s015,1,0.5660886
模型C,s016,1,0.9080463
模型C,s017,1,0.6575533
模型C,s018,0,0.3727224
模型C,s019,0,0.2554245
模型C,s020,1,0.8791489
模型C,s021,0,0.8282223
模型C,s022,1,0.6937507
模型C,s023,1,0.6645905
模型C,s024,0,0.1230286
模型C,s025,0,0.3086419
模型C,s026,0,0.4313715
模型C,s027,0,0.6710427
模型C,s028,0,0.2933561
模型C,s029,0,0.7387503
模型C,s030,0,0.5193809
模型C,s031,1,0.6370552
模型C,s032,0,0.9474026
模型C,s033,1,0.6654344
模型C,s034,1,0.6380421
模型C,s035,0,0.439533
模型C,s036,0,0.3039996
模型C,s037,1,0.5453632
模型C,s038,0,0.1677483
模型C,s039,0,0.8104487
模型C,s040,1,0.4093906
模型C,s041,0,0.2995643
模型C,s042,0,0.2544482
模型C,s043,0,0.3410212
模型C,s044,1,0.9472269
模型C,s045,1,0.3187667
模型C,s046,0,0.4844917
模型C,s047,0,0.1347596
模型C,s048,0,0.3147539
模型C,s049,1,0.3719015
模型C,s050,1,0.3643746
模型C,s051,0,0.202779
模型C,s052,1,0.5908792
模型C,s053,0,0.1081635
模型C,s054,0,0.1282155
模型C,s055,0,0.2887086
模型C,s056,0,0.0357026
模型C,s057,1,0.5270538
模型C,s058,0,0.2679516
模型C,s059,0,0.3022138
模型C,s060,1,0.499099
模型C,s061,1,0.871875
模型C,s062,1,0.8464996
模型C,s063,0,0.0645981
模型C,s064,0,0.3596297
模型C,s065,0,0.5568228
模型C,s066,0,0.3034948
模型C,s067,0,0.5094931
模型C,s068,1,0.4435508
模型C,s069,0,0.3469116
模型C,s070,0,0.1110487
模型C,s071,0,0.0720278
模型C,s072,0,0.5468253
模型C,s073,0,0.248639
模型C,s074,1,0.4544907
模型C,s075,0,0.3078844
模型C,s076,0,0.2581121
模型C,s077,0,0.2195347
模型C,s078,0,0.3694262
模型C,s079,1,0.8841926
模型C,s080,0,0.2559725
模型C,s081,0,0.5540469
模型C,s082,1,0.9259998
模型C,s083,1,0.5684177
模型C,s084,1,0.8779508
模型C,s085,0,0.3766963
模型C,s086,1,0.6144887
模型C,s087,1,0.921301
模型C,s088,0,0.7796216
模型C,s089,1,0.7792652
模型C,s090,1,0.8674498
