model,sample_id,actual,predicted
模型A,s001,类A,类A
模型A,s002,类B,类B
模型A,s003,类C,类C
模型A,s004,类A,类A
模型A,s005,类B,类B
模型A,s006,类C,类B
模型A,s007,类A,类A
模型A,s008,类B,类B
模型A,s009,类C,类C
模型A,s010,类A,类A
模型A,s011,类B,类B
模型A,s012,类C,类C
模型A,s013,类A,类A
模型A,s014,类B,类B
模型A,s015,类C,类C
模型A,s016,类A,类C
模型A,s017,类B,类B
模型A,s018,类C,类C
模型A,s019,类A,类A
模型A,s020,类B,类B
模型A,s021,类C,类C
模型A,s022,类A,类A
模型A,s023,类B,类B
模型A,s024,类C,类C
模型A,s025,类A,类B
模型A,s026,类B,类B
模型A,s027,类C,类C
模型A,s028,类A,类C
模型A,s029,类B,类B
模型A,s030,类C,类C
模型A,s031,类A,类A
模型A,s032,类B,类B
模型A,s033,类C,类C
模型A,s034,类A,类A
模型A,s035,类B,类B
模型A,s036,类C,类C
模型A,s037,类A,类A
模型A,s038,类B,类A
模型A,s039,类C,类A
模型A,s040,类A,类A
模型A,s041,类B,类B
模型A,s042,类C,类B
模型A,s043,类A,类A
模型A,s044,类B,类C
模型A,s045,类C,类B
模型A,s046,类A,类A
模型A,s047,类B,类B
模型A,s048,类C,类A
模型A,s049,类A,类A
模型A,s050,类B,类B
模型A,s051,类C,类C
模型A,s052,类A,类A
模型A,s053,类B,类B
模型A,s054,类C,类C
模型A,s055,类A,类B
模型A,s056,类B,类B
模型A,s057,类C,类C
模型A,s058,类A,类A
模型A,s059,类B,类B
模型A,s060,类C,类A
模型A,s061,类A,类B
模型A,s062,类B,类B
模型A,s063,类C,类C
模型A,s064,类A,类A
模型A,s065,类B,类A
模型A,s066,类C,类C
模型A,s067,类A,类A
模型A,s068,类B,类B
模型A,s069,类C,类C
模型A,s070,类A,类A
模型A,s071,类B,类B
模型A,s072,类C,类B
模型A,s073,类A,类A
模型A,s074,类B,类B
模型A,s075,类C,类C
模型B,s001,类A,类B
模型B,s002,类B,类B
模型B,s003,类C,类C
模型B,s004,类A,类A
模型B,s005,类B,类B
模型B,s006,类C,类A
模型B,s007,类A,类A
模型B,s008,类B,类B
模型B,s009,类C,类B
模型B,s010,类A,类A
模型B,s011,类B,类B
模型B,s012,类C,类C
模型B,s013,类A,类A
模型B,s014,类B,类B
模型B,s015,类C,类C
模型B,s016,类A,类A
模型B,s017,类B,类B
模型B,s018,类C,类C
模型B,s019,类A,类B
模型B,s020,类B,类A
模型B,s021,类C,类B
模型B,s022,类A,类A
模型B,s023,类B,类A
模型B,s024,类C,类B
模型B,s025,类A,类A
模型B,s026,类B,类A
模型B,s027,类C,类A
模型B,s028,类A,类B
模型B,s029,类B,类B
模型B,s030,类C,类A
模型B,s031,类A,类A
模型B,s032,类B,类B
模型B,s033,类C,类C
模型B,s034,类A,类A
模型B,s035,类B,类B
模型B,s036,类C,类A
模型B,s037,类A,类A
模型B,s038,类B,类B
模型B,s039,类C,类B
模型B,s040,类A,类A
模型B,s041,类B,类B
模型B,s042,类C,类B
模型B,s043,类A,类A
模型B,s044,类B,类B
模型B,s045,类C,类A
模型B,s046,类A,类C
模型B,s047,类B,类B
模型B,s048,类C,类A
模型B,s049,类A,类A
模型B,s050,类B,类B
模型B,s051,类C,类C
模型B,s052,类A,类B
模型B,s053,类B,类C
模型B,s054,类C,类C
模型B,s055,类A,类A
模型B,s056,类B,类B
模型B,s057,类C,类B
模型B,s058,类A,类B
模型B,s059,类B,类B
模型B,s060,类C,类C
模型B,s061,类A,类A
模型B,s062,类B,类A
模型B,s063,类C,类C
模型B,s064,类A,类A
模型B,s065,类B,类B
模型B,s066,类C,类B
模型B,s067,类A,类B
模型B,s068,类B,类A
模型B,s069,类C,类A
模型B,s070,类A,类A
模型B,s071,类B,类B
模型B,s072,类C,类C
模型B,s073,类A,类A
模型B,s074,类B,类A
模型B,s075,类C,类A
