sample_id,x,y
d0001,10.097172,14.91853
d0002,9.586064,21.407883
d0003,9.3815,23.076786
d0004,9.202412,23.668586
d0005,6.367239,18.050839
d0006,13.01236,21.10103
d0007,11.96788,17.957564
d0008,7.00898,18.016112
d0009,10.358047,23.767827
d0010,11.046445,19.465178
d0011,11.10416,22.758469
d0012,5.884367,20.005049
d0013,9.322752,15.751874
d0014,12.420446,17.614419
d0015,9.924434,23.136294
d0016,14.355336,23.726526
d0017,7.690253,20.294509
d0018,9.809597,13.968329
d0019,13.469098,23.241339
d0020,13.362686,16.037464
d0021,13.807785,19.826136
d0022,9.495767,17.6716
d0023,8.22061,14.358304
d0024,4.859579,17.66117
d0025,6.674123,13.384829
d0026,5.145082,17.122061
d0027,8.279171,12.907349
d0028,11.028616,22.550229
d0029,8.997665,17.736898
d0030,10.613687,17.96557
d0031,5.455335,17.206508
d0032,13.944725,23.621868
d0033,11.966462,23.600384
d0034,8.965089,20.402289
d0035,10.740088,20.41744
d0036,11.276119,12.942602
d0037,8.5535,15.622662
d0038,7.463176,18.357585
d0039,6.893354,15.26925
d0040,10.801044,16.45607
d0041,12.440899,22.483176
d0042,12.950722,19.838681
d0043,7.177442,19.810355
d0044,9.363028,18.991599
d0045,11.10319,19.827344
d0046,9.825664,19.095836
d0047,11.808643,22.463099
d0048,12.044906,27.772952
d0049,16.481062,26.322633
d0050,6.79327,15.198441
d0051,8.324328,21.699831
d0052,10.975052,14.927852
d0053,13.532848,17.415845
d0054,10.164686,21.171116
d0055,5.248568,16.559616
d0056,9.440314,21.325296
d0057,7.128617,16.080028
d0058,10.763249,20.637682
d0059,8.844555,18.248343
d0060,7.470775,19.260431
d0061,12.787843,24.907869
d0062,3.523314,17.158676
d0063,13.887755,17.952438
d0064,11.024775,18.004897
d0065,10.632437,15.56183
d0066,9.643635,21.902875
d0067,12.806954,20.524003
d0068,7.78697,17.348677
d0069,9.421848,18.407529
d0070,9.109565,20.758609
d0071,8.722204,18.31481
d0072,8.614678,20.883435
d0073,12.829889,20.578213
d0074,13.06335,21.14438
d0075,10.032452,16.541313
d0076,12.802372,23.351062
d0077,11.266926,18.755838
d0078,11.008887,21.673412
d0079,11.235041,16.747912
d0080,8.515793,18.963992
d0081,10.243813,17.706302
d0082,10.078653,22.987579
d0083,11.182457,21.286779
d0084,7.349276,16.435984
d0085,6.969086,15.155234
d0086,3.921077,16.207992
d0087,13.863306,25.374779
d0088,10.466747,21.082967
d0089,11.279063,17.189922
d0090,8.424356,13.023498
d0091,10.160531,23.837545
d0092,14.570001,25.337789
d0093,7.272743,17.591912
d0094,6.061572,15.863611
d0095,10.022297,17.502978
d0096,6.945118,20.557655
d0097,11.967949,23.193252
d0098,12.40165,24.592396
d0099,5.982235,13.899365
d0100,9.171821,12.834961
d0101,11.413067,18.994157
d0102,13.023701,19.358094
d0103,5.503674,18.967124
d0104,6.208203,18.849232
d0105,5.373173,18.984698
d0106,13.604177,17.629263
d0107,9.241783,20.688205
d0108,10.344179,19.015995
d0109,8.244796,21.911371
d0110,10.386543,20.877808
d0111,14.308111,21.385415
d0112,11.651924,22.830555
d0113,10.189555,19.514077
d0114,10.002872,15.257674
d0115,12.862067,17.518208
d0116,9.740402,17.059151
d0117,7.760341,16.541514
d0118,5.915206,15.983516
d0119,10.150605,20.814975
d0120,15.173526,21.455567
d0121,3.906102,16.667905
d0122,8.765418,19.481506
d0123,12.944127,23.320187
d0124,10.476261,19.306089
d0125,10.315592,20.416039
d0126,11.111336,22.013783
d0127,10.60274,18.146915
d0128,8.005834,21.167014
d0129,14.133754,26.437858
d0130,9.466925,18.533505
d0131,10.202131,14.62491
d0132,9.963984,24.879681
d0133,11.7695,16.413428
d0134,6.226087,11.307687
d0135,11.728654,15.895234
d0136,11.004624,20.780962
d0137,9.856968,18.635799
d0138,6.499592,13.674704
d0139,14.66923,26.546509
d0140,16.104999,23.344668
d0141,7.747774,21.755245
d0142,5.024588,21.300509
d0143,7.277789,16.482154
d0144,16.402049,24.52455
d0145,4.835338,19.709277
d0146,8.703903,19.749281
d0147,11.269135,20.952132
d0148,10.560991,19.653754
d0149,5.308098,17.529715
d0150,12.275995,23.977065
d0151,11.993158,17.6966
d0152,7.045111,16.499938
d0153,7.616456,16.885374
d0154,11.510053,22.801454
d0155,9.716499,21.080272
d0156,10.36231,22.61616
d0157,9.639377,24.313849
d0158,9.650155,17.10167
d0159,3.914497,18.341478
d0160,11.901906,19.236494
d0161,8.716549,19.793391
d0162,10.989125,24.883118
d0163,12.039464,19.354909
d0164,8.909402,20.294609
d0165,7.553549,16.156959
d0166,14.511798,22.71675
d0167,9.714499,20.599234
d0168,10.068367,19.14976
d0169,9.420195,18.521935
d0170,12.61481,19.466805
d0171,16.126063,21.465712
d0172,10.269575,18.967866
d0173,9.327989,18.755021
d0174,9.255344,20.253824
d0175,8.953625,17.979546
d0176,13.90327,21.884774
d0177,10.708024,28.005703
d0178,12.372436,19.62451
d0179,12.141116,23.354605
d0180,5.625739,17.940973
d0181,14.919766,26.082793
d0182,12.902523,26.367136
d0183,7.727279,18.508008
d0184,10.435397,17.928473
d0185,5.481414,17.646084
d0186,9.298598,20.770073
d0187,13.662083,27.102189
d0188,7.962911,19.78511
d0189,4.650692,16.900506
d0190,12.980599,20.503566
d0191,11.911291,24.433346
d0192,12.445787,24.681477
d0193,7.657731,17.376823
d0194,6.516617,20.208828
d0195,10.844108,19.449147
d0196,11.16775,16.625383
d0197,5.49365,13.654525
d0198,12.348628,16.6846
d0199,7.279392,20.601712
d0200,7.882182,17.533262
d0201,7.002088,19.847234
d0202,11.088379,18.451436
d0203,5.913557,17.128579
d0204,8.025139,17.356139
d0205,13.653284,21.087358
d0206,12.479367,20.768157
d0207,10.133404,16.507219
d0208,14.384861,22.723429
d0209,8.832667,23.323103
d0210,8.746206,14.767575
d0211,5.654741,17.372848
d0212,7.50331,19.387739
d0213,11.965616,19.420412
d0214,6.356609,20.457967
d0215,10.194745,19.992016
d0216,8.409248,11.92786
d0217,10.311049,20.856043
d0218,10.974498,13.73637
d0219,8.635485,19.186995
d0220,5.401228,19.41064
d0221,12.771727,18.335778
d0222,12.007143,24.186351
d0223,7.379852,21.5888
d0224,9.119174,21.356965
d0225,7.998865,21.480995
d0226,15.324962,23.933457
d0227,9.672604,14.67383
d0228,8.087567,18.929866
d0229,10.507379,21.056956
d0230,10.439672,17.855485
d0231,11.139618,16.220128
d0232,10.593186,18.93393
d0233,9.537306,19.311835
d0234,10.488034,20.848213
d0235,14.935982,18.293707
d0236,10.021942,21.808462
d0237,12.385443,22.094756
d0238,13.935073,17.914121
d0239,6.010311,18.648412
d0240,10.571392,21.433639
d0241,12.114154,18.051748
d0242,10.583163,23.835085
d0243,8.773141,19.838422
d0244,15.948284,23.867556
d0245,13.493724,19.189013
d0246,9.92015,21.558262
d0247,7.065433,19.687992
d0248,9.74201,21.366207
d0249,7.68152,21.834574
d0250,13.692736,18.356318
d0251,5.643732,20.334702
d0252,8.832371,17.56216
d0253,7.869696,21.498161
d0254,11.240591,18.038335
d0255,8.467613,18.564286
d0256,9.509781,17.576205
d0257,6.770712,15.751498
d0258,11.618696,21.660605
d0259,7.18281,20.439542
d0260,12.280223,20.165494
d0261,10.316751,23.856379
d0262,8.533804,16.30326
d0263,11.054573,21.612924
d0264,8.811072,22.061863
d0265,12.039335,21.201948
d0266,10.202102,20.603585
d0267,14.807786,21.79323
d0268,9.17881,23.835645
d0269,4.948806,19.589985
d0270,10.85542,20.08231
d0271,12.200378,19.789242
d0272,9.195606,18.279923
d0273,9.825485,17.572702
d0274,10.701631,22.42347
d0275,11.107988,23.99883
d0276,5.11018,13.979912
d0277,6.694965,19.51931
d0278,3.810229,18.206505
d0279,15.995847,18.417677
d0280,13.477875,17.401286
