group,sample_id,x,y
组A,A001,9.985151,10.238835
组A,A002,8.87047,11.450002
组A,A003,12.729856,12.822783
组A,A004,4.975291,7.823859
组A,A005,19.09147,19.857148
组A,A006,8.722272,11.415122
组A,A007,18.729211,16.392133
组A,A008,7.722253,8.670076
组A,A009,4.03433,8.836758
组A,A010,19.19703,15.06246
组A,A011,14.252274,13.500806
组A,A012,18.690309,17.408736
组A,A013,14.04484,14.589978
组A,A014,11.912411,16.216611
组A,A015,7.338977,12.644034
组A,A016,11.462668,14.685874
组A,A017,17.056551,18.605975
组A,A018,4.826495,7.454267
组A,A019,12.499863,12.577189
组A,A020,7.249662,10.11494
组A,A021,14.12955,11.736578
组A,A022,19.632426,20.974419
组A,A023,19.169341,15.67688
组A,A024,2.75266,6.212304
组A,A025,8.339168,8.712173
组A,A026,4.095293,8.462126
组A,A027,7.3825,10.166996
组A,A028,19.772483,15.818069
组A,A029,15.140775,14.822395
组A,A030,8.489317,11.845642
组A,A031,16.900788,18.174329
组A,A032,3.577465,6.258624
组A,A033,12.997004,14.923276
组A,A034,9.356592,14.098028
组A,A035,1.152718,5.925452
组A,A036,17.955077,14.5332
组B,B001,6.178599,14.000238
组B,B002,12.272776,19.667662
组B,B003,18.488233,18.658124
组B,B004,15.175661,20.787274
组B,B005,12.623356,13.829218
组B,B006,14.56647,23.394504
组B,B007,16.930668,19.091309
组B,B008,3.287331,12.795798
组B,B009,17.597366,19.798968
组B,B010,18.221587,18.114459
组B,B011,17.00142,19.574367
组B,B012,7.480096,11.60019
组B,B013,12.493178,13.773176
组B,B014,2.97429,13.392689
组B,B015,9.048948,12.504511
组B,B016,13.018196,17.975585
组B,B017,9.051901,9.366957
组B,B018,15.451345,17.896993
组B,B019,15.25282,18.457183
组B,B020,5.620253,11.298822
组B,B021,10.58361,14.788726
组B,B022,3.388564,7.505032
组B,B023,15.414746,20.377281
组B,B024,14.457191,17.149471
组B,B025,6.252137,12.306025
组B,B026,17.438673,18.239172
组B,B027,1.167173,12.397288
组B,B028,13.99963,16.052789
组B,B029,1.145816,15.954714
组B,B030,2.464828,13.656457
组B,B031,1.734162,9.183456
组B,B032,6.574007,14.151068
组B,B033,15.033329,15.631176
组B,B034,2.295623,13.698092
组B,B035,18.288059,24.082392
组B,B036,19.461948,19.704194
组C,C001,1.905176,15.169863
组C,C002,10.75582,20.875832
组C,C003,16.320606,27.058277
组C,C004,11.403518,20.604132
组C,C005,5.99021,14.922596
组C,C006,17.410765,22.65551
组C,C007,2.239635,16.357669
组C,C008,2.128076,16.111421
组C,C009,11.443124,24.693788
组C,C010,19.456152,24.693415
组C,C011,1.312219,13.69151
组C,C012,6.756989,18.882931
组C,C013,1.446496,15.554056
组C,C014,12.753615,20.517468
组C,C015,12.769355,23.825262
组C,C016,10.265019,18.728522
组C,C017,16.481484,25.451579
组C,C018,15.514164,22.635936
组C,C019,8.908532,21.349849
组C,C020,9.529177,16.389348
组C,C021,6.886934,20.019084
组C,C022,13.048608,22.679141
组C,C023,16.423778,22.250649
组C,C024,12.657929,19.436088
组C,C025,8.521548,20.058966
组C,C026,4.928592,15.006324
组C,C027,18.938958,28.181228
组C,C028,3.51202,13.234217
组C,C029,5.864229,16.204854
组C,C030,2.565173,12.749926
组C,C031,13.150913,22.76419
组C,C032,15.948555,21.757021
组C,C033,6.351962,19.05261
组C,C034,10.058221,18.448728
组C,C035,8.457768,18.44062
组C,C036,15.035664,19.624933
