group,x,y
方案A,0,8.0
方案A,1,9.535598
方案A,2,10.98903
方案A,3,12.298246
方案A,4,13.436508
方案A,5,14.418931
方案A,6,15.298784
方案A,7,16.154452
方案A,8,17.070238
方案A,9,18.115729
方案A,10,19.328753
方案A,11,20.706122
方案A,12,22.204409
方案B,0,10.636508
方案B,1,11.618931
方案B,2,12.498784
方案B,3,13.354452
方案B,4,14.270238
方案B,5,15.315729
方案B,6,16.528753
方案B,7,17.906122
方案B,8,19.404409
方案B,9,20.950584
方案B,10,22.459891
方案B,11,23.8566
方案B,12,25.092551
方案C,0,11.470238
方案C,1,12.515729
方案C,2,13.728753
方案C,3,15.106122
方案C,4,16.604409
方案C,5,18.150584
方案C,6,19.659891
方案C,7,21.0566
方案C,8,22.292551
方案C,9,23.358941
方案C,10,24.288483
方案C,11,25.147394
方案C,12,26.019185
