group,sample_id,value
组A,A001,22.767911
组A,A002,22.086771
组A,A003,20.83075
组A,A004,18.827431
组A,A005,17.214322
组A,A006,16.479993
组A,A007,28.92851
组A,A008,20.198934
组A,A009,18.203157
组A,A010,14.633923
组A,A011,23.622437
组A,A012,18.081861
组A,A013,20.369605
组A,A014,17.037764
组A,A015,21.582827
组A,A016,20.596586
组A,A017,21.3114
组A,A018,26.800782
组A,A019,10.183321
组A,A020,21.418969
组A,A021,18.931985
组A,A022,18.248263
组A,A023,17.76275
组A,A024,18.838456
组A,A025,16.39977
组A,A026,22.327512
组A,A027,23.191346
组A,A028,19.63521
组A,A029,23.500413
组A,A030,19.619159
组A,A031,20.413301
组A,A032,17.887916
组A,A033,22.184356
组A,A034,16.457678
组A,A035,15.304433
组A,A036,16.844116
组A,A037,24.170896
组A,A038,20.288182
组A,A039,23.232899
组A,A040,20.33984
组A,A041,23.03576
组A,A042,19.906102
组A,A043,16.813387
组A,A044,24.521961
组A,A045,20.31072
组B,B001,27.186911
组B,B002,31.077393
组B,B003,30.242457
组B,B004,28.604427
组B,B005,26.997922
组B,B006,24.999309
组B,B007,25.044711
组B,B008,28.318248
组B,B009,23.964545
组B,B010,28.949079
组B,B011,25.235502
组B,B012,27.082313
组B,B013,30.116862
组B,B014,30.393011
组B,B015,29.203568
组B,B016,28.175261
组B,B017,19.925385
组B,B018,25.539219
组B,B019,21.030107
组B,B020,25.412427
组B,B021,20.75776
组B,B022,24.44412
组B,B023,28.078516
组B,B024,25.17228
组B,B025,27.768882
组B,B026,22.123378
组B,B027,27.931739
组B,B028,25.004981
组B,B029,22.628501
组B,B030,24.467925
组B,B031,19.495516
组B,B032,27.353502
组B,B033,29.720602
组B,B034,21.692978
组B,B035,28.097296
组B,B036,24.268406
组B,B037,20.80807
组B,B038,24.900512
组B,B039,20.575199
组B,B040,27.537411
组B,B041,33.404091
组B,B042,29.306086
组B,B043,22.344557
组B,B044,22.189357
组B,B045,24.030904
组C,C001,30.84923
组C,C002,28.628503
组C,C003,34.636434
组C,C004,31.182884
组C,C005,31.54649
组C,C006,26.678051
组C,C007,35.043828
组C,C008,33.395425
组C,C009,27.797153
组C,C010,30.106345
组C,C011,35.114032
组C,C012,29.26575
组C,C013,25.227964
组C,C014,35.456875
组C,C015,36.14955
组C,C016,24.733704
组C,C017,22.068854
组C,C018,27.537815
组C,C019,35.487083
组C,C020,32.36327
组C,C021,31.223831
组C,C022,29.408568
组C,C023,30.903244
组C,C024,26.932303
组C,C025,26.280508
组C,C026,29.984868
组C,C027,32.274726
组C,C028,28.438288
组C,C029,31.124279
组C,C030,39.01874
组C,C031,30.549205
组C,C032,27.108779
组C,C033,31.855838
组C,C034,29.74588
组C,C035,33.200262
组C,C036,27.215953
组C,C037,28.556149
组C,C038,27.587939
组C,C039,30.021669
组C,C040,33.449727
组C,C041,28.345503
组C,C042,24.998854
组C,C043,24.829389
组C,C044,26.833287
组C,C045,30.085052
