group,iteration,objective
方案A,0,90.0
方案A,1,77.1715031
方案A,2,66.7585896
方案A,3,58.0026713
方案A,4,50.5833939
方案A,5,44.2796505
方案A,6,38.9171452
方案A,7,34.3523836
方案A,8,30.4652063
方案A,9,27.1542207
方案A,10,24.3335396
方案A,11,21.9302558
方案A,12,19.8824031
方案A,13,18.1372741
方案A,14,16.6500137
方案A,15,15.3824363
方案A,16,14.3020263
方案A,17,13.3810915
方案A,18,12.5960442
方案A,19,11.9267912
方案A,20,11.3562144
方案A,21,10.8697298
方案A,22,10.4549113
方案A,23,10.1011713
方案A,24,9.7994881
方案A,25,9.5421742
方案A,26,9.3226787
方案A,27,9.1354193
方案A,28,8.9756386
方案A,29,8.8392825
方案A,30,8.7228959
方案A,31,8.6235342
方案A,32,8.5386879
方案A,33,8.466218
方案A,34,8.4043015
方案A,35,8.3513847
方案A,36,8.306143
方案A,37,8.2674476
方案A,38,8.2343362
方案A,39,8.2059884
方案A,40,8.1817051
方案A,41,8.1608899
方案A,42,8.1430347
方案A,43,8.1277061
方案A,44,8.1145346
方案A,45,8.1032051
方案B,0,92.0
方案B,1,83.3869934
方案B,2,76.1651269
方案B,3,69.7654577
方案B,4,64.0256037
方案B,5,58.8557861
方案B,6,54.1906452
方案B,7,49.9768243
方案B,8,46.1685394
方案B,9,42.7255728
方案B,10,39.6121735
方案B,11,36.7963534
方案B,12,34.2493831
方案B,13,31.9454006
方案B,14,29.8610904
方案B,15,27.9754128
方案B,16,26.2693685
方案B,17,24.725793
方案B,18,23.3291742
方案B,19,22.0654895
方案B,20,20.9220608
方案B,21,19.8874234
方案B,22,18.9512092
方案B,23,18.1040408
方案B,24,17.3374363
方案B,25,16.643723
方案B,26,16.0159603
方案B,27,15.4478696
方案B,28,14.9337705
方案B,29,14.4685243
方案B,30,14.0474816
方案B,31,13.6664362
方案B,32,13.3215824
方案B,33,13.0094769
方案B,34,12.7270045
方案B,35,12.4713462
方案B,36,12.2399518
方案B,37,12.0305137
方案B,38,11.8409438
方案B,39,11.6693529
方案B,40,11.5140316
方案B,41,11.3734331
方案B,42,11.2461578
方案B,43,11.1309393
方案B,44,11.0266316
方案B,45,10.932198
方案C,0,94.0
方案C,1,87.2194789
方案C,2,81.5233048
方案C,3,76.3812975
方案C,4,71.6654577
方案C,5,67.3164756
方案C,6,63.2959664
方案C,7,59.5744291
方案C,8,56.1271531
方案C,9,52.9325136
方案C,10,49.9711424
方案C,11,47.2254661
方案C,12,44.6794189
方案C,13,42.3182454
方案C,14,40.1283533
方案C,15,38.0971974
方案C,16,36.213184
方案C,17,34.4655886
方案C,18,32.844484
方案C,19,31.3406771
方案C,20,29.9456509
方案C,21,28.6515133
方案C,22,27.4509492
方案C,23,26.3371775
方案C,24,25.3039111
方案C,25,24.3453204
方案C,26,23.4559998
方案C,27,22.630936
方案C,28,21.8654798
方案C,29,21.155319
方案C,30,20.4964541
方案C,31,19.8851755
方案C,32,19.3180423
方案C,33,18.7918627
方案C,34,18.3036761
方案C,35,17.8507361
方案C,36,17.4304951
方案C,37,17.0405897
方案C,38,16.6788277
方案C,39,16.3431754
方案C,40,16.031746
方案C,41,15.7427893
方案C,42,15.4746818
方案C,43,15.2259171
方案C,44,14.9950978
方案C,45,14.7809277
