group,sample_id,x,y
方案A,A001,3.720921,0.824351
方案A,A002,3.304415,1.040426
方案A,A003,2.416696,1.632797
方案A,A004,8.525103,1.132961
方案A,A005,3.759583,1.423468
方案A,A006,4.240176,1.311151
方案A,A007,3.608601,1.507421
方案A,A008,6.577464,0.933178
方案A,A009,8.986885,0.492279
方案A,A010,5.405094,0.858574
方案A,A011,2.064145,2.16166
方案A,A012,6.542341,1.22371
方案A,A013,6.541789,0.59493
方案A,A014,7.539614,0.673424
方案A,A015,2.060509,2.317593
方案A,A016,4.308629,1.450233
方案A,A017,4.878049,1.013483
方案A,A018,6.144482,0.749293
方案A,A019,2.094172,1.887126
方案A,A020,8.891754,1.090276
方案A,A021,3.10936,1.159225
方案A,A022,5.666141,0.596449
方案A,A023,2.165784,2.276696
方案A,A024,4.8567,1.270445
方案A,A025,2.125255,1.731037
方案A,A026,8.434633,0.646158
方案A,A027,8.685905,0.448002
方案A,A028,4.154327,0.902965
方案A,A029,4.453614,0.99212
方案A,A030,6.136889,0.867919
方案A,A031,8.171858,0.82051
方案A,A032,8.095117,0.841572
方案A,A033,4.401661,1.379174
方案A,A034,2.981942,1.229286
方案A,A035,5.330419,0.722865
方案A,A036,3.917497,0.948063
方案B,B001,4.968533,0.945323
方案B,B002,5.268397,0.57433
方案B,B003,9.68734,0.837671
方案B,B004,5.95688,1.23918
方案B,B005,2.763814,2.041401
方案B,B006,9.916988,0.9032
方案B,B007,2.7919,1.362159
方案B,B008,9.538209,0.548075
方案B,B009,4.671288,0.992019
方案B,B010,9.874292,0.544883
方案B,B011,6.023839,1.125659
方案B,B012,6.305869,1.318885
方案B,B013,2.949868,1.642776
方案B,B014,3.684317,1.085394
方案B,B015,6.117715,0.637756
方案B,B016,2.591232,1.328547
方案B,B017,9.152199,0.415025
方案B,B018,7.957065,1.110509
方案B,B019,8.240658,0.998838
方案B,B020,4.793548,0.599951
方案B,B021,4.457337,0.769493
方案B,B022,4.394882,1.389804
方案B,B023,6.464825,0.743914
方案B,B024,3.861096,1.0939
方案B,B025,3.379774,1.543517
方案B,B026,5.119102,1.277686
方案B,B027,6.690844,1.304988
方案B,B028,8.754784,1.114065
方案B,B029,6.964528,0.557362
方案B,B030,9.147239,0.477866
方案B,B031,7.693832,0.372616
方案B,B032,2.595231,1.449805
方案B,B033,9.0401,0.389134
方案B,B034,4.813577,0.896771
方案B,B035,2.851781,1.812853
方案B,B036,6.72543,1.141595
