model,split,sample_id,actual,predicted
模型A,训练集,s001,10.0,11.390986
模型B,训练集,s001,10.0,9.724607
模型A,训练集,s002,11.527115,5.244034
模型B,训练集,s002,11.527115,12.092873
模型A,训练集,s003,13.045529,11.118074
模型B,训练集,s003,13.045529,15.111868
模型A,训练集,s004,14.546716,11.286824
模型B,训练集,s004,14.546716,14.513635
模型A,训练集,s005,16.022503,15.258072
模型B,训练集,s005,16.022503,15.326222
模型A,训练集,s006,17.465234,18.422283
模型B,训练集,s006,17.465234,21.994246
模型A,训练集,s007,18.867926,20.761145
模型B,训练集,s007,18.867926,21.243706
模型A,训练集,s008,20.224413,22.155556
模型B,训练集,s008,20.224413,20.213614
模型A,训练集,s009,21.529469,24.454505
模型B,训练集,s009,21.529469,21.501439
模型A,训练集,s010,22.778916,19.046756
模型B,训练集,s010,22.778916,16.9214
模型A,训练集,s011,23.969709,24.451014
模型B,训练集,s011,23.969709,23.361667
模型A,训练集,s012,25.099999,21.466864
模型B,训练集,s012,25.099999,21.358445
模型A,训练集,s013,26.169169,24.559068
模型B,训练集,s013,26.169169,20.972683
模型A,训练集,s014,27.177847,26.167868
模型B,训练集,s014,27.177847,28.378343
模型A,训练集,s015,28.127892,28.383942
模型B,训练集,s015,28.127892,30.028456
模型A,训练集,s016,29.022361,30.27467
模型B,训练集,s016,29.022361,29.761127
模型A,训练集,s017,29.865441,30.771834
模型B,训练集,s017,29.865441,21.809125
模型A,训练集,s018,30.662366,32.523089
模型B,训练集,s018,30.662366,24.400409
模型A,训练集,s019,31.419311,31.229537
模型B,训练集,s019,31.419311,36.024215
模型A,训练集,s020,32.143264,30.531875
模型B,训练集,s020,32.143264,31.372177
模型A,训练集,s021,32.841888,31.467107
模型B,训练集,s021,32.841888,34.795198
模型A,训练集,s022,33.52336,36.486979
模型B,训练集,s022,33.52336,31.918251
模型A,训练集,s023,34.196207,29.910445
模型B,训练集,s023,34.196207,34.563563
模型A,训练集,s024,34.86913,34.60114
模型B,训练集,s024,34.86913,42.847881
模型A,训练集,s025,35.550832,37.059609
模型B,训练集,s025,35.550832,30.958464
模型A,训练集,s026,36.249835,36.16874
模型B,训练集,s026,36.249835,30.249392
模型A,训练集,s027,36.974308,35.079807
模型B,训练集,s027,36.974308,38.917003
模型A,训练集,s028,37.731902,37.139044
模型B,训练集,s028,37.731902,36.807763
模型A,训练集,s029,38.529593,37.614584
模型B,训练集,s029,38.529593,39.885209
模型A,训练集,s030,39.373539,35.89498
模型B,训练集,s030,39.373539,30.806607
模型A,训练集,s031,40.268959,41.853618
模型B,训练集,s031,40.268959,45.332275
模型A,训练集,s032,41.22002,40.317968
模型B,训练集,s032,41.22002,41.176469
模型A,训练集,s033,42.229755,43.501111
模型B,训练集,s033,42.229755,43.722028
模型A,训练集,s034,43.300005,43.377276
模型B,训练集,s034,43.300005,42.717348
模型A,训练集,s035,44.431376,39.113167
模型B,训练集,s035,44.431376,39.995456
模型A,训练集,s036,45.623227,46.021777
模型B,训练集,s036,45.623227,45.264396
模型A,训练集,s037,46.873689,44.251823
模型B,训练集,s037,46.873689,50.924736
模型A,训练集,s038,48.179694,46.800297
模型B,训练集,s038,48.179694,46.820803
模型A,训练集,s039,49.537048,50.76045
模型B,训练集,s039,49.537048,51.937823
模型A,训练集,s040,50.940505,51.383417
模型B,训练集,s040,50.940505,51.865953
模型A,验证集,s041,52.383884,53.857014
模型B,验证集,s041,52.383884,56.787359
模型A,验证集,s042,53.860189,50.230894
模型B,验证集,s042,53.860189,51.955956
模型A,验证集,s043,55.361754,56.366158
模型B,验证集,s043,55.361754,57.948788
模型A,验证集,s044,56.880396,55.008574
模型B,验证集,s044,56.880396,51.611152
模型A,验证集,s045,58.407587,62.165818
模型B,验证集,s045,58.407587,59.627166
模型A,验证集,s046,59.934623,58.106569
模型B,验证集,s046,59.934623,62.110169
模型A,验证集,s047,61.452805,62.188337
模型B,验证集,s047,61.452805,54.585671
模型A,验证集,s048,62.953612,59.376824
模型B,验证集,s048,62.953612,67.147372
模型A,验证集,s049,64.428879,65.19729
模型B,验证集,s049,64.428879,60.471716
模型A,验证集,s050,65.87096,67.88846
模型B,验证集,s050,65.87096,69.966669
模型A,验证集,s051,67.272885,63.437479
模型B,验证集,s051,67.272885,61.759554
模型A,验证集,s052,68.628504,71.630714
模型B,验证集,s052,68.628504,73.50149
模型A,验证集,s053,69.932609,74.017715
模型B,验证集,s053,69.932609,73.492675
模型A,验证集,s054,71.18104,70.211092
模型B,验证集,s054,71.18104,69.667289
模型A,验证集,s055,72.370775,71.123332
模型B,验证集,s055,72.370775,69.903748
模型A,验证集,s056,73.499985,68.290241
模型B,验证集,s056,73.499985,74.265046
模型A,验证集,s057,74.568075,72.510204
模型B,验证集,s057,74.568075,69.096142
模型A,验证集,s058,75.575694,78.308993
模型B,验证集,s058,75.575694,80.651243
模型A,验证集,s059,76.524726,76.179289
模型B,验证集,s059,76.524726,81.008407
模型A,验证集,s060,77.418246,76.358182
模型B,验证集,s060,77.418246,81.883192
模型A,验证集,s061,78.26046,84.127174
模型B,验证集,s061,78.26046,81.518183
模型A,验证集,s062,79.056621,81.468402
模型B,验证集,s062,79.056621,85.136034
模型A,验证集,s063,79.812919,82.4852
模型B,验证集,s063,79.812919,79.221059
模型A,验证集,s064,80.536355,86.727279
模型B,验证集,s064,80.536355,80.012457
