sample_id,x,y,value
m001,119.652997,4.06706,16.693875
m002,83.689164,80.320328,16.03053
m003,85.095163,112.195241,15.133229
m004,121.355979,66.776852,17.159575
m005,123.740729,13.641154,17.613056
m006,226.668575,167.497659,16.525791
m007,202.971446,88.104611,17.99609
m008,146.769362,55.77087,16.845552
m009,192.313361,113.885871,17.509061
m010,187.103134,154.310701,15.92599
m011,77.925041,206.4429,14.029529
m012,190.476462,188.939736,14.070108
m013,12.232672,130.931377,13.491615
m014,80.589394,87.695222,15.943027
m015,93.631921,5.934457,15.542033
m016,96.216257,125.25666,15.125443
m017,90.925625,149.995429,15.887271
m018,149.931305,95.321146,16.643625
m019,25.39585,136.94894,14.698058
m020,137.143227,223.821055,13.979611
m021,182.807384,40.189465,17.522548
m022,174.095618,50.306383,17.09606
m023,25.799313,203.273937,12.603787
m024,108.628177,24.975677,15.044745
m025,170.783455,202.189334,15.200287
m026,40.40516,205.665814,13.047187
m027,43.430432,176.277543,12.007018
m028,52.694721,109.213871,15.498257
m029,197.477155,134.761538,15.051395
m030,225.831577,98.995781,16.518921
m031,239.590491,179.135926,16.040277
m032,56.965963,47.046279,15.04828
m033,27.939004,109.404827,14.899252
m034,244.326395,95.856435,17.151396
m035,60.285111,39.870759,15.116601
m036,73.504693,76.214952,14.950274
m037,50.860534,10.674972,16.71839
m038,188.040682,115.181083,16.532365
m039,74.697241,88.087422,15.432639
m040,6.147271,230.077297,11.224964
m041,200.739498,145.071195,18.389293
m042,10.126408,12.37212,14.713605
