group,x,estimate,lower,upper
方案A,0,6.0,5.2,6.8
方案A,1,7.339713,6.499713,8.179713
方案A,2,8.620735,7.740735,9.500735
方案A,3,9.798747,8.878747,10.718747
方案A,4,10.854649,9.894649,11.814649
方案A,5,11.799236,10.799236,12.799236
方案A,6,12.67056,11.63056,13.71056
方案A,7,13.524608,12.444608,14.604608
方案A,8,14.421599,13.301599,15.541599
方案A,9,15.411235,14.251235,16.571235
方案A,10,16.520538,15.320538,17.720538
方案A,11,17.74723,16.50723,18.98723
方案A,12,19.060292,17.780292,20.340292
方案B,0,8.0,7.2,8.8
方案B,1,9.339713,8.499713,10.179713
方案B,2,10.620735,9.740735,11.500735
方案B,3,11.798747,10.878747,12.718747
方案B,4,12.854649,11.894649,13.814649
方案B,5,13.799236,12.799236,14.799236
方案B,6,14.67056,13.63056,15.71056
方案B,7,15.524608,14.444608,16.604608
方案B,8,16.421599,15.301599,17.541599
方案B,9,17.411235,16.251235,18.571235
方案B,10,18.520538,17.320538,19.720538
方案B,11,19.74723,18.50723,20.98723
方案B,12,21.060292,19.780292,22.340292
