model,sample_id,label,score
方案A,S01,0,0.15
方案A,S02,0,0.32
方案A,S03,0,0.18
方案A,S04,0,0.45
方案A,S05,0,0.58
方案A,S06,0,0.12
方案A,S07,0,0.37
方案A,S08,0,0.68
方案A,S09,1,0.82
方案A,S10,1,0.71
方案A,S11,1,0.58
方案A,S12,1,0.93
方案A,S13,1,0.76
方案A,S14,1,0.64
方案A,S15,1,0.88
方案A,S16,1,0.51
方案B,S01,0,0.22
方案B,S02,0,0.51
方案B,S03,0,0.43
方案B,S04,0,0.67
方案B,S05,0,0.63
方案B,S06,0,0.29
方案B,S07,0,0.48
方案B,S08,0,0.73
方案B,S09,1,0.81
方案B,S10,1,0.63
方案B,S11,1,0.52
方案B,S12,1,0.87
方案B,S13,1,0.69
方案B,S14,1,0.48
方案B,S15,1,0.76
方案B,S16,1,0.41
方案C,S01,0,0.5
方案C,S02,0,0.5
方案C,S03,0,0.5
方案C,S04,0,0.5
方案C,S05,0,0.5
方案C,S06,0,0.5
方案C,S07,0,0.5
方案C,S08,0,0.5
方案C,S09,1,0.5
方案C,S10,1,0.5
方案C,S11,1,0.5
方案C,S12,1,0.5
方案C,S13,1,0.5
方案C,S14,1,0.5
方案C,S15,1,0.5
方案C,S16,1,0.5
