a,b,c,d
-0.2191144416726545,-0.6983011689185523,0.07077703699949509,-1.7080912501462868
0.9291070817976369,0.2864353517792839,-0.6810038534886296,-0.8579831771061095
0.6219556477387431,0.8003916517995464,-1.1896392364730992,-0.47470054809340106
-0.3501861536396528,0.07756252736111754,0.12248109046353799,-1.0925831279278038
-0.9900320247460571,-0.09702564176148709,-0.00305377030847509,-1.0141555593077207
0.7442174623125462,0.08858607305895067,-0.7461826400448965,1.0710795735753598
-0.8207319768717435,0.058458842442591585,0.7013814816467843,0.3559690779369214
-0.910826494803939,-0.6197996124449758,1.062691430438957,-3.22615072738872
-2.6932378066905036,-1.9672544400306429,1.816766282690869,1.464755385862871
0.11851440391486645,1.295446051260813,0.38606508981344345,-0.5543090900778463
-0.908380326476469,-0.976416355814535,1.0271696739438654,-0.5520581873839535
-0.6025968046515756,-0.8043063095652314,-0.8023088830328695,-1.5504123803116827
0.054846642480818636,-0.8524469089642843,0.4591319278947275,1.405782279216608
0.9745982925794211,0.2663206308106367,-0.8132561365989102,-2.4080084654861023
-0.45686845972883566,-1.358134151926931,0.8494253914389531,0.4626524041599262
0.6863007252218696,0.4431193931409201,0.1630815825435188,-0.5897791978757612
-0.2533923741520532,-0.11349911166603621,1.0018645586248978,1.0739099088919537
2.5124034376444846,2.1997318855886587,-1.267324525914922,0.028387892771226997
-0.2293679380923576,-0.42819336477724035,0.05046308701446796,0.7977595855020444
0.9760776931291542,0.2970988601250157,-0.323904861809905,0.991795866492331
-1.1629950143741261,-0.0925643867062036,1.017784425412049,0.3162943975871788
-1.9786828697137673,-1.2903549578345876,1.308052701419673,-2.150199402736424
0.07695971949156126,-0.26010674893357283,0.3281257839536415,-0.7342774825573175
0.7202127011623913,-0.127602009656687,-0.02237183539031168,-0.5987578507731878
-1.6825957233796676,-0.057548986193906915,1.5906166286293495,-0.641944123878305
-0.32364471632212644,-0.05507357155690276,1.4356106657045935,2.62191704760275
1.686274807607451,1.9367488454119273,-1.18359535271176,0.7321346235555621
1.290462414013466,-0.4542280530973215,-0.025434064184631233,-1.0284126567352136
-0.8079465545029482,-0.3544042732144109,0.7752899797322105,0.6986549688090419
1.71731164969291,0.898691693512345,-0.45241480498259956,0.5833091609984387
-1.101642956527334,-1.9603956104049465,1.8894401401490115,0.21151997598343358
-0.008562754964750813,-1.0557728467838279,1.8673778817570388,-0.7828765539177116
1.2820733476920625,1.291612179050499,-1.2920017701516335,-0.6654734395975984
-1.5533722058013937,-2.048293404222024,0.5226216228821726,-1.669384338507983
1.962936934930341,2.9343088819639416,-0.377756978262173,1.6548561462448728
-0.9052505267870908,0.877048820952832,1.1870824983528667,-0.6024498983066622
-1.7010109866210974,-2.0426283193074704,1.3988651695608028,-1.445358745021756
1.142266325698761,0.3360608401751409,-0.5584892141376562,-0.4944458403523688
-0.21717348308596204,-0.9708610354361629,-0.23362958823688726,1.1070523493904993
-1.0353290013539147,-1.5187081285375057,0.35341343540848497,-0.9873313154508606
0.34496423155576356,0.19047934977673153,-0.8619048681818029,-1.5166627695017687
0.4004954203700341,-0.4036372096715165,0.18389618603090602,-0.07252730188542313
-0.7339207782071179,-1.6279844476780398,0.11544384176620093,0.27195976063326294
1.0284126233018973,0.01838228599981928,-0.12882644355818607,2.4019091489450197
-2.2879352616717936,-2.596865880319864,1.9803626179656562,1.8675143692273024
-0.2730070402685254,1.7269148393156986,-0.5984626293106904,0.8495277509766288
-2.2843090778829884,-0.7503494665089228,1.7602781209433094,-0.47553157866749507
0.0355975758667282,0.5771335573400828,0.472327138100977,-0.018279219936854135
1.6163139605648307,-0.8022998547630498,-0.9574319047063853,-1.0941395311345903
-1.0160340134626797,-1.216504049175369,0.58583076047457,1.5354688063448587
-0.7848469643095857,0.013400049906245881,-0.4475385454134364,-1.1402848926409155
-0.2992798345827957,0.5028643782718398,0.24346659388355518,-1.1450706683059573
-0.05917900548922731,-0.005866456130419022,-0.8673064238992348,-0.5317299572206672
-1.784585262621806,-0.7691915202585704,0.7157297844513725,-0.726452674129173
0.9266216634270931,0.2564281319634888,-1.1191448378608138,0.03557048139539769
0.4982520226631801,0.9734960523505525,-0.6463246071279973,1.626572862878187
0.9225100145688301,0.47523668121980644,-0.5897197827115562,0.270361340742124
0.44395393650019876,-0.5692114538398549,-0.9934703477975055,-0.06738079345227267
0.7835494976136784,1.7396735540886903,-0.13353906952354455,1.2069686650251106
0.8840561749241385,0.7713451470461702,-0.6737401537056961,1.4221197716446818
-2.0043714923243785,-1.1283325824839512,1.6259760524883438,-1.3307858999339752
-1.099840418792738,-1.639981603669595,0.040802227678064185,0.1543964466016884
-0.4419208514563115,1.554734281032558,-0.07103596904053483,2.6802209965438397
0.7629201170868357,0.5625978942876717,-0.6056268771190615,0.953872849553057
-0.6699199760070997,-0.3711206865168569,1.0452492922379502,2.755365459384582
0.45753274667030275,0.5081945225799305,-0.14481381715244498,-1.4940825514442384
-1.224979483013889,-1.605175867236481,1.3170011757610605,-0.6109709623930663
0.3078496118356524,0.4411755253645331,-0.296662448762434,1.0901623259333861
-0.33133902317221736,-0.5509842912939197,0.9065267322923971,2.2763082842071123
1.1731688267063238,0.6490323907711484,-0.47263824448013536,-0.6038393529199884
0.25655184561508015,0.8877420021058166,0.8822584791772139,0.44423675208220736
-0.35624011258125116,-0.2118303900415714,1.2710961213467393,-2.406539550567493
1.585420385168959,0.20262256831582504,-0.5639738798679876,-0.9601727050798378
-1.8773509970104592,-2.688897531542179,2.1155477805600413,0.9132255470753232
-0.0915260163460281,1.069020773270522,-0.18035872569000674,-0.6871613437529173
-1.7216571069905886,-1.3621145577666869,2.908460882002011,-0.5531726909154718
-1.6666116305359135,-0.5704285250387086,1.07936219604563,-1.3056153437252684
-0.9782589437801368,-0.36659765661776744,-0.21569417195122909,1.174324162598592
0.018567018795788596,-0.46770705480455077,0.22880696800016892,0.42882720308019845
0.5903053671877562,0.38011453714161014,0.19029073626066345,-1.3196238807008065
-1.0171246959509903,-2.2739783181873667,0.9758956192416488,-0.4837034600574897
-1.5284727614241984,-0.15608101647631345,1.2871416762743237,0.8898703855843446
-0.9223194913063407,-1.3255999015609372,-0.20436738584886804,0.8497692944196791
2.264843139592272,0.5961584165952352,-1.3497398482339085,-1.3816262581923167
0.920828959138784,0.9880376240241813,-1.7358064617380906,1.0420282484826835
-0.41100211063517567,-1.1218845468413192,-0.37781071045472214,0.3988924265216108
-1.578652552546081,-1.087100397018244,0.3206426051445673,0.004511301834969339
0.6924693918165273,1.1093295543766124,-1.0285000203499362,-0.5727938621606621
-0.441309141306022,-1.0358216503131175,-0.1618924861211749,0.7852654880878034
-0.7423984424261414,-0.6944217310092713,1.5621506312469582,1.2676811277009008
0.10068393858273748,1.7301171082096904,0.21090425309725602,0.1015912601949212
-0.43852667003112317,0.15272425540760987,1.359530521241637,-0.2759933076730064
-0.10341382520117792,0.3925545577659578,-0.756016879928898,-1.665713888069441
0.4896539803176798,-0.27294076109939436,0.03741452558811087,-0.07987361469124096
1.0174606133419901,0.40002996081453857,-0.8981763020516806,0.8415299027769372
1.711419753133992,0.6449195470898128,-1.7904184946982544,-1.2333916722173917
0.1344456004402515,0.5951346831743791,1.8245426765597297,-0.3246820046666195
-1.6093782284524893,-1.217190873897353,1.4265295843109649,-1.135290491069222
-0.3159114812832728,-0.8465450267358752,-0.16197928502003506,-0.30226033674377856
-0.5510869300904243,-2.138060066847753,-1.0466198520875574,-0.3941620580455817
2.260547834801074,2.484102161827088,-1.1752198088760886,-0.25010568654463894
-0.7658230542814767,0.041597074317756944,1.4029030602116859,-0.41581979445937345
0.5971644076864806,0.2891694475919502,-1.0886441430862386,-0.06444072137775025
0.09310643404543172,0.43885587669602755,-0.1556980367921555,1.1067258435635
0.6566031452244147,1.268061462028188,-1.4002343112640665,1.0484562440122898
-1.6028950441081091,0.23178294370702401,0.43465689674669683,-2.502789007277249
0.44694941699178303,-0.049486231046258655,-0.8393354320326273,-1.3956380955793772
-0.49087762419223985,0.7096034092017807,0.5513517974838531,0.2498005239243901
-0.0020119531810743815,0.40162711545738694,0.802247991648893,1.8971306238685048
-0.5360631035342803,-0.7969660727781334,-0.7683786225871045,-2.2032608712540465
0.01608769907506237,0.3947046924730068,-0.05884430202473155,1.5809933713674211
1.6536925698389617,1.0190474453142113,-1.1438074633476354,1.2643074912533692
1.2448699306979825,0.6916374316152354,-1.8364065576934059,-0.5232967118287148
1.6072930477505052,0.7412302417789522,-1.4633376755350866,-1.6169795762973345
-1.4248138864704414,-3.0177575982147395,2.1572680831949804,0.5591786287535507
0.8378084874437071,0.5212025314257784,0.34062887040823675,-1.8668806405727074
0.6736697993149255,1.0350461017898382,0.13413791631828315,0.7950666746525046
-0.4266380016438197,0.6063848246901589,-0.1588290170647496,0.03830244635530977
0.44878857114995363,-0.020167331158137125,-0.3623275421551544,-0.8369528867506437
-0.22804920218280483,-0.2456611648045835,1.1725774246931469,1.5340401255621514
-0.894822526327736,-1.0572990017013728,0.6780598538847775,1.3851124377993211
-0.0017429253461932765,-0.20352958267201243,-0.6720017979188945,1.300139914878974
-0.29887782160999565,0.19162013686509574,1.5909006096096887,-0.05786534892656408
0.7266458691511439,0.6968743316869903,-0.02015809650293343,1.6456888098082685
0.340591040728207,-0.2088366709740612,-0.767801131949043,-0.7963538215926153
0.31088556791888466,-0.5140384126098414,-0.16163667957780337,-1.086615781755202
0.5432053978245387,1.1552653969570152,0.672371117758008,0.5666335425402365
-0.47562012383134666,0.321028403713644,0.8494391200201163,-2.5542410544804968
-0.28000727406425957,-1.757532870605691,1.0746426234206612,-0.3355089921027494
-1.6012699636526737,-1.5966193288998596,2.2225203138779266,-0.2165997797784088
-0.12601295429213547,0.8176188415872185,0.11837293643726512,3.0752388439818557
0.9563037916809721,2.622062270392286,-0.9816301175875285,0.8029863821926212
-0.8592102676207537,-1.0079763411715317,0.42846187569903715,-1.6999269827845755
0.4736660268510638,1.1238344485384917,-0.8541031444448128,1.3343547350146543
-1.26044803294945,-1.139551350592612,-0.22577882506412794,0.13485080775506803
0.26637129845701346,0.200497290965678,-0.6862529324278765,0.370200903501157
-0.753079136117096,-0.4914399888009189,0.5396000477999596,-0.48187213122372474
-0.5170608278468637,-0.7472818704297038,0.4609274318220739,-1.4142386771675253
0.20538322755112198,-0.3746963467144042,0.4040765211798592,1.085593781388804
0.3395689853051998,0.5703436880800766,-1.1321750579778636,0.5480844143331571
1.5100496989194176,1.5795928999614923,-1.4418212929210026,-1.2612481173299463
-0.8545737284952326,0.18418001555003272,0.9834051988647405,-0.3198681735447856
0.6166988846584345,1.4281867229245586,0.07599985690194877,-0.35481877512569415
-1.7580059686531688,-1.1713422744194169,1.0981202025085668,0.1006357601280925
-1.5570023890329718,-1.7631656110112925,0.7290497798850362,1.5609401445641837
0.7442219727525236,0.9934181397743959,-0.5663972868785061,0.09637879931027568
-0.3494309945080581,0.015253053676388795,0.35896145152241155,0.7687466788672004
-0.1252463673500619,-0.27000268309598485,1.569602913875333,0.7520047233039774
0.16582885912545947,0.227583324320638,0.3513115582559956,-0.18226378501622834
0.05712569701725874,-1.4592288546007333,1.02989859025442,0.24238448879410313
1.283834301895864,1.2536362436858899,-0.6512330923384042,2.223298822245465
0.9680621863150192,-0.6560892339322811,-0.1829471633052569,-1.3805641467739556
0.564048450069905,0.3445238911780776,1.0774439740442658,0.4035009240965943
-0.12176381730760673,-1.2987364894478295,-0.1822564328206353,0.7013413522428751
0.6393650152439405,-0.5010955056224156,-0.6843409910186988,-0.43910544496269993
-1.3483389491682312,-2.5315052434901197,0.7011639930983988,-1.1344782522004648
1.396843760565704,1.6649835069437005,-0.8874419264957885,-0.3501797602120054
0.21017696267093489,0.26189444968477965,-0.7240502114564618,-0.9104296971708518
-1.2832450711398753,0.3567431674401905,0.06776827572523603,1.7655800363508645
2.2809362187703557,0.9445288202600032,-1.6004957086387293,1.046064453364684
0.7763385977058108,1.0924327072219693,-0.7104518132736188,1.2366968498571196
1.585616976957403,0.18947146731767817,0.15066998026253953,-1.226468667728311
0.3768898924936171,-1.6081355386423908,-0.17197723985608623,-0.5711918031002602
0.11908597807812653,1.0721242083918159,0.36866372154251703,-0.8923558393660967
0.1994320186470714,-0.16801044261320344,0.7228931872072906,-0.5835401392898272
1.2908846085907626,1.301475305504085,-1.7660323832735054,-0.09761713187529014
-0.614648218188782,1.3703809005625898,0.17531833514148956,1.1092860926574875
-0.6603755252068463,-0.4661317255128201,0.3322984055284781,-0.9400132478712395
0.3422459139816721,1.417808719425396,-0.9341896650401118,1.1611375582124015
1.0378948044876573,1.1593158696015733,-1.9566913128909085,0.13745685250120396
-0.7489218316592642,-1.3227929979666335,1.2070831450755701,0.4347506715602065
-0.025094625577583102,1.5330325538952803,0.2672093454614192,0.028631772837700686
0.49142804103205895,0.19106095669098525,-0.8842241041324155,1.1410552420123001
0.8378656012075829,0.588002686748406,-0.7987867876051142,1.1496483256463863
0.3638816411638373,-0.4161102777913911,-0.045363760585205054,-0.9342927653912958
0.21721735003859732,0.9905394721643804,0.49234141307948615,-0.34631938750913893
1.9257508222693875,1.133304225336053,-0.7772376526897398,0.01423508859822209
-0.940815607636728,-3.027339550926149,-0.06618648722043907,0.44847774745198843
-0.6345454447604388,-0.06797713898016206,0.400369298717245,0.7248237683801654
-0.7482888338719229,-0.5640602973032207,-0.1440039394874159,0.7832367841156179
