sample_id,condition,value
S01,阶段一,9
S01,阶段二,10.8
S02,阶段一,12
S02,阶段二,13.4
S03,阶段一,10
S03,阶段二,9.7
S04,阶段一,14
S04,阶段二,15.1
S05,阶段一,11
S05,阶段二,13.2
S06,阶段一,15
S06,阶段二,15.8
S07,阶段一,8
S07,阶段二,9.1
S08,阶段一,13
S08,阶段二,12.6
S09,阶段一,16
S09,阶段二,18.4
S10,阶段一,10.5
S10,阶段二,12.7
S11,阶段一,12.5
S11,阶段二,13.8
S12,阶段一,9.5
S12,阶段二,9.3
S13,阶段一,11.5
S13,阶段二,12.9
S14,阶段一,14.5
S14,阶段二,16.2
S15,阶段一,13.5
S15,阶段二,13.1
S16,阶段一,7.5
S16,阶段二,8.8
S17,阶段一,17
S17,阶段二,18.1
S18,阶段一,10.2
S18,阶段二,11.9
S19,阶段一,12.8
S19,阶段二,14.6
S20,阶段一,15.2
S20,阶段二,14.9
S21,阶段一,8.7
S21,阶段二,10.4
S22,阶段一,11.8
S22,阶段二,12.4
S23,阶段一,13.8
S23,阶段二,16.1
S24,阶段一,9.8
S24,阶段二,10.9
