model,split,sample_id,actual,predicted
示例方案 A,train,train-000,34.54831616185639,31.79498234783053
示例方案 A,train,train-001,8.626701055919366,10.01739645167767
示例方案 A,train,train-002,4.5110182773941885,3.127332201749955
示例方案 A,train,train-003,7.669503638980078,7.391536866893202
示例方案 A,train,train-004,4.657908766483394,0.4477864996679939
示例方案 A,train,train-005,11.542265830746105,13.449749354129365
示例方案 A,train,train-006,40.26186207495208,39.91822786846691
示例方案 A,train,train-007,17.72764608761939,19.36045127784184
示例方案 A,train,train-008,38.25127528383962,38.9404582367213
示例方案 A,train,train-009,36.133992877418066,34.133825579543085
示例方案 A,train,train-010,19.49242559238914,22.96448888259094
示例方案 A,train,train-011,30.088070134619347,30.369594484023477
示例方案 A,train,train-012,12.178528885072378,7.806155589223136
示例方案 A,train,train-013,26.861390584942455,24.302479456051525
示例方案 A,train,train-014,30.899489990470116,32.6566160224169
示例方案 A,train,train-015,23.71297656760287,26.369782424481688
示例方案 A,train,train-016,54.40689220152605,53.0467159757473
示例方案 A,train,train-017,34.117665889475866,35.81144168641711
示例方案 A,train,train-018,14.563819331779671,19.448673398113066
示例方案 A,train,train-019,42.51384958827461,40.9234025283559
示例方案 A,train,train-020,26.73172811112268,29.37492491554029
示例方案 A,train,train-021,7.881235541800263,9.435203927438721
示例方案 A,train,train-022,7.079341693820066,4.795446332010279
示例方案 A,train,train-023,14.314039099385031,13.511307531523197
示例方案 A,train,train-024,23.180492174381186,25.293153646408168
示例方案 A,train,train-025,23.1612868171715,22.792749171246683
示例方案 A,train,train-026,7.602539600391055,8.22101925024001
示例方案 A,train,train-027,12.253225746847253,10.205500281989321
示例方案 A,train,train-028,27.275097032642883,28.775595262991864
示例方案 A,train,train-029,39.639391205608206,43.16129820817234
示例方案 A,train,train-030,38.81123439222413,43.16167799814002
示例方案 A,train,train-031,15.839423555382378,16.48200315697015
示例方案 A,train,train-032,10.812284006192375,16.53485076322185
示例方案 A,train,train-033,12.646633779615609,12.650586186571985
示例方案 A,train,train-034,16.20797137811996,18.155600832557756
示例方案 A,train,train-035,25.587277558294637,29.70614229041125
示例方案 A,train,train-036,11.187651411466735,11.672576215872612
示例方案 A,train,train-037,2.851180801500412,2.540484789991152
示例方案 A,train,train-038,19.334586708700215,21.105758912415727
示例方案 A,train,train-039,2.6786331111224,-1.4566299781289715
示例方案 A,train,train-040,27.612651853549398,31.072986120690718
示例方案 A,train,train-041,14.231888275209288,13.416326464735008
示例方案 A,train,train-042,27.07120741184629,21.939343925520042
示例方案 A,train,train-043,32.88110819653578,34.006004972703195
示例方案 A,train,train-044,25.908775600665024,31.925562102558978
示例方案 A,train,train-045,54.88089547692218,55.769566572921775
示例方案 A,train,train-046,17.79050173855149,16.427642652673782
示例方案 A,train,train-047,25.480074883983363,23.65094191433521
示例方案 A,train,train-048,10.842893568821758,10.998756860581251
示例方案 A,train,train-049,32.644075918089264,30.642120079705535
示例方案 A,train,train-050,19.559371991948343,22.35558809870633
示例方案 A,train,train-051,9.578245058671811,15.947938026856326
示例方案 A,train,train-052,43.19602076694869,40.07473915433104
示例方案 A,train,train-053,20.2061978789678,20.377577757121948
示例方案 A,train,train-054,10.568661474307708,12.023578854309918
示例方案 A,train,train-055,29.605001766180795,25.712161117267307
示例方案 A,train,train-056,45.04447349171734,45.92071210893814
示例方案 A,train,train-057,7.790857714193484,10.892390300383513
示例方案 A,train,train-058,6.925492016340958,6.943258444594073
示例方案 A,train,train-059,14.916266548523554,17.088235995508658
示例方案 A,train,train-060,9.187267915657728,9.135315255151255
示例方案 A,train,train-061,29.514254954211488,26.976725881453564
示例方案 A,train,train-062,10.678169581802383,8.924115139242009
示例方案 A,train,train-063,15.862699744523887,19.34301640379689
示例方案 A,train,train-064,34.56894534768325,40.476214267983615
示例方案 A,train,train-065,7.084897423708556,7.126886093337341
示例方案 A,train,train-066,34.59027363926134,32.6116761526575
示例方案 A,train,train-067,16.022470509156886,17.61187431694861
示例方案 A,train,train-068,43.02404941471668,44.78734627699841
示例方案 A,train,train-069,29.487391646042628,25.59129923775412
示例方案 A,train,train-070,9.163406920622121,11.75561231320886
示例方案 A,train,train-071,19.045014638502533,20.70700441190005
示例方案 A,train,train-072,18.228439874795356,16.820101187189685
示例方案 A,train,train-073,14.48982886253145,10.243769218989247
示例方案 A,train,train-074,11.264464405293205,11.11650634803115
示例方案 A,train,train-075,23.355230102493053,22.89311711249996
示例方案 A,train,train-076,10.823536234470021,13.30220021615713
示例方案 A,train,train-077,7.303716553897474,6.5728896000180015
示例方案 A,train,train-078,40.13468100281827,41.45859032450286
示例方案 A,train,train-079,12.262743597537055,14.818082059258877
示例方案 A,train,train-080,18.00067032404801,18.649249640444147
示例方案 A,train,train-081,8.917903514033592,11.354446889906601
示例方案 A,train,train-082,34.17580703000694,32.86301974064368
示例方案 A,train,train-083,11.905959961431451,9.441123339570744
示例方案 A,train,train-084,29.65331054344276,30.485722289361703
示例方案 A,train,train-085,31.665892526781807,29.5099607517792
示例方案 A,train,train-086,20.715617553018582,16.529554386696105
示例方案 A,train,train-087,25.7287269409748,24.13810324937846
示例方案 A,train,train-088,6.569141341941489,4.619318977538925
示例方案 A,train,train-089,17.845544921295485,17.70662950147711
示例方案 A,train,train-090,22.581343207324654,20.012428134904745
示例方案 A,train,train-091,22.715563578173402,22.487395213246153
示例方案 A,train,train-092,16.30422495573169,17.259663298854047
示例方案 A,train,train-093,19.919302668495636,20.9380758785608
示例方案 A,train,train-094,14.101909318393002,14.227729833987558
示例方案 A,train,train-095,25.8778657979336,28.383473147801148
示例方案 A,train,train-096,26.894029902035193,26.390160509360648
示例方案 A,train,train-097,29.591650445609687,31.843776868509128
示例方案 A,train,train-098,34.24369268436047,35.265484802584
示例方案 A,train,train-099,13.76395564579429,14.520888808016926
示例方案 A,train,train-100,49.149894083767045,48.15229050424775
示例方案 A,train,train-101,19.730686149338098,18.854378342702365
示例方案 A,train,train-102,28.007037335137586,23.29734795857805
示例方案 A,train,train-103,25.014044168955042,23.88965446156688
示例方案 A,train,train-104,14.849494437225765,15.394128442596136
示例方案 A,train,train-105,47.257584388722634,42.75928845144389
示例方案 A,train,train-106,36.500073524368645,32.78801539001404
示例方案 A,train,train-107,48.32035057844779,49.9664966952417
示例方案 A,train,train-108,20.41441492665612,18.2722578141733
示例方案 A,train,train-109,39.52535012872885,37.97853295960658
示例方案 A,train,train-110,32.498761284461544,34.74615170264708
示例方案 A,train,train-111,7.820662458608648,12.942920747641594
示例方案 A,train,train-112,13.320635063432677,15.5241704413033
示例方案 A,train,train-113,16.927169088546542,18.444417122047717
示例方案 A,train,train-114,14.117432104538292,18.21190879120219
示例方案 A,train,train-115,26.86817315827263,22.382779637169318
示例方案 A,train,train-116,11.15471739878154,6.009019756041859
示例方案 A,train,train-117,65.81136153950318,67.13600650587411
示例方案 A,train,train-118,14.127383060471852,15.068361530046683
示例方案 A,train,train-119,40.08999763947694,46.219493002069555
示例方案 A,train,train-120,38.919808150253346,40.25885327547655
示例方案 A,train,train-121,52.24734220887622,52.63111949627333
示例方案 A,train,train-122,18.244901383412508,20.270508585633607
示例方案 A,train,train-123,21.09864699498963,19.107241766015626
示例方案 A,train,train-124,19.60616909966784,19.737736966977153
示例方案 A,train,train-125,32.551645185965924,36.619416832972014
示例方案 A,train,train-126,8.645061161857635,12.850256823477817
示例方案 A,train,train-127,26.917871129892,27.50998233312144
示例方案 A,train,train-128,7.874760179343373,10.599977898651666
示例方案 A,train,train-129,31.29025953495352,29.312893793185687
示例方案 A,train,train-130,11.129879646392654,14.681747459672273
示例方案 A,train,train-131,34.878442271523525,37.169478217137
示例方案 A,train,train-132,25.85527091303053,30.082372181361045
示例方案 A,train,train-133,42.66922955918548,38.14325481615595
示例方案 A,train,train-134,7.749957278892957,9.100691775596777
示例方案 A,train,train-135,6.7817561601721295,9.458429425615705
示例方案 A,train,train-136,21.119342126833985,20.80007867861712
示例方案 A,train,train-137,35.682463746644785,33.66193873518911
示例方案 A,train,train-138,6.1239434994331265,5.6736758574240405
示例方案 A,train,train-139,46.66987335509032,49.49100634475721
示例方案 B,train,train-000,34.54831616185639,31.9247140393652
示例方案 B,train,train-001,8.626701055919366,8.03855502972655
示例方案 B,train,train-002,4.5110182773941885,4.369672004821711
示例方案 B,train,train-003,7.669503638980078,6.007012272150794
示例方案 B,train,train-004,4.657908766483394,5.626630089853527
示例方案 B,train,train-005,11.542265830746105,10.420834750859306
示例方案 B,train,train-006,40.26186207495208,39.651400923543505
示例方案 B,train,train-007,17.72764608761939,18.097949982982417
示例方案 B,train,train-008,38.25127528383962,40.39983679070776
示例方案 B,train,train-009,36.133992877418066,37.11673119689404
示例方案 B,train,train-010,19.49242559238914,20.577406283707134
示例方案 B,train,train-011,30.088070134619347,26.7574841577792
示例方案 B,train,train-012,12.178528885072378,10.722685507533823
示例方案 B,train,train-013,26.861390584942455,30.634060424957255
示例方案 B,train,train-014,30.899489990470116,31.751225861103944
示例方案 B,train,train-015,23.71297656760287,25.179127394001473
示例方案 B,train,train-016,54.40689220152605,53.92221261498986
示例方案 B,train,train-017,34.117665889475866,33.04407884929014
示例方案 B,train,train-018,14.563819331779671,11.146793118398097
示例方案 B,train,train-019,42.51384958827461,42.80608715537645
示例方案 B,train,train-020,26.73172811112268,26.696366096612614
示例方案 B,train,train-021,7.881235541800263,4.236745150693204
示例方案 B,train,train-022,7.079341693820066,5.92166031137154
示例方案 B,train,train-023,14.314039099385031,13.388142058869043
示例方案 B,train,train-024,23.180492174381186,22.19578687114649
示例方案 B,train,train-025,23.1612868171715,18.353154046519638
示例方案 B,train,train-026,7.602539600391055,9.297784533043941
示例方案 B,train,train-027,12.253225746847253,12.393711672909706
示例方案 B,train,train-028,27.275097032642883,29.880495037513047
示例方案 B,train,train-029,39.639391205608206,38.372340745202386
示例方案 B,train,train-030,38.81123439222413,34.15600359886638
示例方案 B,train,train-031,15.839423555382378,13.892683553594118
示例方案 B,train,train-032,10.812284006192375,11.716828749150539
示例方案 B,train,train-033,12.646633779615609,14.004537750899688
示例方案 B,train,train-034,16.20797137811996,19.772417312574753
示例方案 B,train,train-035,25.587277558294637,29.212106743564874
示例方案 B,train,train-036,11.187651411466735,10.430808573309362
示例方案 B,train,train-037,2.851180801500412,1.6318237007691312
示例方案 B,train,train-038,19.334586708700215,17.042272533829316
示例方案 B,train,train-039,2.6786331111224,3.4441149101198762
示例方案 B,train,train-040,27.612651853549398,25.829637193954767
示例方案 B,train,train-041,14.231888275209288,17.40194434657098
示例方案 B,train,train-042,27.07120741184629,26.763376758121957
示例方案 B,train,train-043,32.88110819653578,31.426747029759348
示例方案 B,train,train-044,25.908775600665024,27.48437152673532
示例方案 B,train,train-045,54.88089547692218,49.9316937039447
示例方案 B,train,train-046,17.79050173855149,15.585431503503687
示例方案 B,train,train-047,25.480074883983363,24.010794499997576
示例方案 B,train,train-048,10.842893568821758,15.19911548535864
示例方案 B,train,train-049,32.644075918089264,32.3939653466646
示例方案 B,train,train-050,19.559371991948343,19.846024103100937
示例方案 B,train,train-051,9.578245058671811,6.59555561280274
示例方案 B,train,train-052,43.19602076694869,44.572522963130446
示例方案 B,train,train-053,20.2061978789678,19.568553170584995
示例方案 B,train,train-054,10.568661474307708,11.142107416205343
示例方案 B,train,train-055,29.605001766180795,32.31429146224916
示例方案 B,train,train-056,45.04447349171734,45.18889244140559
示例方案 B,train,train-057,7.790857714193484,8.334312846649299
示例方案 B,train,train-058,6.925492016340958,5.633812420174204
示例方案 B,train,train-059,14.916266548523554,14.427078533437115
示例方案 B,train,train-060,9.187267915657728,8.835048173174476
示例方案 B,train,train-061,29.514254954211488,28.727589562234158
示例方案 B,train,train-062,10.678169581802383,8.458050269885293
示例方案 B,train,train-063,15.862699744523887,18.33385928258341
示例方案 B,train,train-064,34.56894534768325,32.76743768213874
示例方案 B,train,train-065,7.084897423708556,3.336126591609759
示例方案 B,train,train-066,34.59027363926134,35.170460191012815
示例方案 B,train,train-067,16.022470509156886,14.429661822876284
示例方案 B,train,train-068,43.02404941471668,43.9273705736315
示例方案 B,train,train-069,29.487391646042628,30.229207129645776
示例方案 B,train,train-070,9.163406920622121,6.763428515867803
示例方案 B,train,train-071,19.045014638502533,19.162960328822503
示例方案 B,train,train-072,18.228439874795356,19.148783408406413
示例方案 B,train,train-073,14.48982886253145,12.955234847313012
示例方案 B,train,train-074,11.264464405293205,10.245166506337554
示例方案 B,train,train-075,23.355230102493053,25.677779009484468
示例方案 B,train,train-076,10.823536234470021,7.219993108810737
示例方案 B,train,train-077,7.303716553897474,6.88513831581855
示例方案 B,train,train-078,40.13468100281827,43.02957621979466
示例方案 B,train,train-079,12.262743597537055,10.044865559519957
示例方案 B,train,train-080,18.00067032404801,17.712895377398116
示例方案 B,train,train-081,8.917903514033592,11.22068213230908
示例方案 B,train,train-082,34.17580703000694,34.31592471307263
示例方案 B,train,train-083,11.905959961431451,11.43533791167642
示例方案 B,train,train-084,29.65331054344276,32.450262864228854
示例方案 B,train,train-085,31.665892526781807,31.051089662187334
示例方案 B,train,train-086,20.715617553018582,22.862693976237665
示例方案 B,train,train-087,25.7287269409748,24.280984024355845
示例方案 B,train,train-088,6.569141341941489,8.3581822314523
示例方案 B,train,train-089,17.845544921295485,18.092788276400206
示例方案 B,train,train-090,22.581343207324654,25.743339376092994
示例方案 B,train,train-091,22.715563578173402,23.27198728925294
示例方案 B,train,train-092,16.30422495573169,15.53133109813984
示例方案 B,train,train-093,19.919302668495636,19.2103691637044
示例方案 B,train,train-094,14.101909318393002,11.443167573857565
示例方案 B,train,train-095,25.8778657979336,27.045410687369078
示例方案 B,train,train-096,26.894029902035193,25.318430670435625
示例方案 B,train,train-097,29.591650445609687,26.241812524283056
示例方案 B,train,train-098,34.24369268436047,34.207876093040355
示例方案 B,train,train-099,13.76395564579429,12.072529139092186
示例方案 B,train,train-100,49.149894083767045,48.35897396088086
示例方案 B,train,train-101,19.730686149338098,22.55470693755393
示例方案 B,train,train-102,28.007037335137586,29.504300622121864
示例方案 B,train,train-103,25.014044168955042,25.7363045356711
示例方案 B,train,train-104,14.849494437225765,13.827773951245646
示例方案 B,train,train-105,47.257584388722634,47.33531871858769
示例方案 B,train,train-106,36.500073524368645,35.146426120541705
示例方案 B,train,train-107,48.32035057844779,47.517599409158024
示例方案 B,train,train-108,20.41441492665612,24.637289856270733
示例方案 B,train,train-109,39.52535012872885,41.938888378788064
示例方案 B,train,train-110,32.498761284461544,32.624508788883745
示例方案 B,train,train-111,7.820662458608648,6.01584870868974
示例方案 B,train,train-112,13.320635063432677,9.732936296584509
示例方案 B,train,train-113,16.927169088546542,13.764278409987256
示例方案 B,train,train-114,14.117432104538292,16.99099693245634
示例方案 B,train,train-115,26.86817315827263,28.87202978596824
示例方案 B,train,train-116,11.15471739878154,10.153069185871749
示例方案 B,train,train-117,65.81136153950318,66.85763746342478
示例方案 B,train,train-118,14.127383060471852,14.77103751165552
示例方案 B,train,train-119,40.08999763947694,39.418715391343845
示例方案 B,train,train-120,38.919808150253346,36.452903444059
示例方案 B,train,train-121,52.24734220887622,53.4458803269897
示例方案 B,train,train-122,18.244901383412508,17.35048317809501
示例方案 B,train,train-123,21.09864699498963,20.169791307889763
示例方案 B,train,train-124,19.60616909966784,23.50209135555844
示例方案 B,train,train-125,32.551645185965924,32.192127667869485
示例方案 B,train,train-126,8.645061161857635,7.126345663262223
示例方案 B,train,train-127,26.917871129892,26.709830358505783
示例方案 B,train,train-128,7.874760179343373,2.5151378974698844
示例方案 B,train,train-129,31.29025953495352,32.127428343238606
示例方案 B,train,train-130,11.129879646392654,7.040034285435411
示例方案 B,train,train-131,34.878442271523525,35.919092179969496
示例方案 B,train,train-132,25.85527091303053,22.42838724384517
示例方案 B,train,train-133,42.66922955918548,43.04109558443299
示例方案 B,train,train-134,7.749957278892957,6.765062006483962
示例方案 B,train,train-135,6.7817561601721295,7.671970238635692
示例方案 B,train,train-136,21.119342126833985,21.447984139110467
示例方案 B,train,train-137,35.682463746644785,35.83852561954392
示例方案 B,train,train-138,6.1239434994331265,5.776448141928397
示例方案 B,train,train-139,46.66987335509032,41.026955742772856
示例方案 A,test,test-000,24.59261173765072,14.151622531184525
示例方案 A,test,test-001,7.478032554268289,2.7726026023452564
示例方案 A,test,test-002,23.16737302028921,26.312168344476284
示例方案 A,test,test-003,68.13774562734348,71.8429099613916
示例方案 A,test,test-004,21.328270625300778,27.254500660610283
示例方案 A,test,test-005,4.391856892523978,11.289900285224196
示例方案 A,test,test-006,20.773701950446164,16.046135020894862
示例方案 A,test,test-007,3.3624727799574754,5.049799713367443
示例方案 A,test,test-008,29.772423089624144,31.366469763919994
示例方案 A,test,test-009,25.60943403073837,26.75327474855576
示例方案 A,test,test-010,24.610412524255427,25.40038149750579
示例方案 A,test,test-011,15.17964284507531,1.7157019998152236
示例方案 A,test,test-012,22.4292703507571,25.713471420102216
示例方案 A,test,test-013,17.383609155644365,18.11371394945405
示例方案 A,test,test-014,5.919071798969879,10.757581300533309
示例方案 A,test,test-015,12.406707911233683,0.9494391475624653
示例方案 A,test,test-016,18.04959881169779,21.259583288945027
示例方案 A,test,test-017,20.954681653185286,17.017256370607125
示例方案 A,test,test-018,1.4945120655957598,2.20930900519161
示例方案 A,test,test-019,62.60678964317436,67.42669630834052
示例方案 A,test,test-020,69.90317467244631,73.37798575103717
示例方案 A,test,test-021,13.00498217601247,10.50919114166734
示例方案 A,test,test-022,30.632921316722452,31.968731800076302
示例方案 A,test,test-023,21.751015371059204,20.045224832432766
示例方案 A,test,test-024,24.17233380132764,22.799417343977225
示例方案 A,test,test-025,19.61828669564443,15.79647222885639
示例方案 A,test,test-026,25.2003000235664,18.98370248251061
示例方案 A,test,test-027,16.010309290604717,18.580503861331284
示例方案 A,test,test-028,33.63927071926098,35.11276563048318
示例方案 A,test,test-029,18.39080266578175,16.77034142361737
示例方案 A,test,test-030,22.037009705601406,20.42664457653541
示例方案 A,test,test-031,50.536271907146656,50.1103712152354
示例方案 A,test,test-032,33.21253893515153,36.386874183306546
示例方案 A,test,test-033,9.431481420863426,14.478781372343075
示例方案 A,test,test-034,25.939408406516964,25.553400165703646
示例方案 A,test,test-035,38.22805861952207,36.035512951717806
示例方案 A,test,test-036,31.31936201784213,28.27253481560542
示例方案 A,test,test-037,20.145392507483265,25.09369710377982
示例方案 A,test,test-038,18.144630701194203,11.172930056068115
示例方案 A,test,test-039,19.361587751882674,21.725612046500878
示例方案 A,test,test-040,76.5936308713783,79.17218890656146
示例方案 A,test,test-041,20.694531189363346,24.56576577998323
示例方案 A,test,test-042,3.4708249144583623,11.141835893755506
示例方案 A,test,test-043,12.041873314963446,13.936621036998917
示例方案 A,test,test-044,41.32928859404144,47.87658885911543
示例方案 A,test,test-045,19.66828949514275,21.662837864813838
示例方案 A,test,test-046,2.879612190587242,-1.9630337039941077
示例方案 A,test,test-047,9.925439855678398,9.68998648379379
示例方案 A,test,test-048,23.28494248253344,28.258770235243592
示例方案 A,test,test-049,4.908680404587596,-0.1004161362797662
示例方案 A,test,test-050,11.485722255667492,13.886147944709595
示例方案 A,test,test-051,46.81603842430869,48.36126455993867
示例方案 A,test,test-052,36.273532986330906,41.13322620061711
示例方案 A,test,test-053,32.646973751334215,35.24820647729718
示例方案 A,test,test-054,15.283474113867706,5.718198544118341
示例方案 A,test,test-055,44.927386125894756,42.75116428726048
示例方案 A,test,test-056,18.24513901210976,16.255076938159398
示例方案 A,test,test-057,19.76033908115039,16.002833673816387
示例方案 A,test,test-058,26.119375680298496,29.55111068475261
示例方案 A,test,test-059,20.432296506709573,27.455441109167438
示例方案 A,test,test-060,11.29909594054599,6.402869558567678
示例方案 A,test,test-061,26.077394340978216,24.675708976523314
示例方案 A,test,test-062,9.104257041707308,5.881102601738857
示例方案 A,test,test-063,27.462993754477637,35.666660921232825
示例方案 A,test,test-064,16.6059279025744,11.154979367792869
示例方案 A,test,test-065,21.027726830031483,24.345355773667933
示例方案 A,test,test-066,35.65760736131219,37.511336299598575
示例方案 A,test,test-067,28.64319826863192,27.842007741545693
示例方案 A,test,test-068,37.30296583159944,43.32575390739554
示例方案 A,test,test-069,17.398402171822042,12.325018468424275
示例方案 B,test,test-000,24.59261173765072,28.395373244534166
示例方案 B,test,test-001,7.478032554268289,10.247452406824696
示例方案 B,test,test-002,23.16737302028921,20.760660021793026
示例方案 B,test,test-003,68.13774562734348,68.17707079058033
示例方案 B,test,test-004,21.328270625300778,23.163417846356207
示例方案 B,test,test-005,4.391856892523978,8.75081541460182
示例方案 B,test,test-006,20.773701950446164,23.38754409590073
示例方案 B,test,test-007,3.3624727799574754,0.4117350006986711
示例方案 B,test,test-008,29.772423089624144,29.254482048587512
示例方案 B,test,test-009,25.60943403073837,28.864710502115294
示例方案 B,test,test-010,24.610412524255427,24.92561097710662
示例方案 B,test,test-011,15.17964284507531,13.42916272207745
示例方案 B,test,test-012,22.4292703507571,21.843518858382883
示例方案 B,test,test-013,17.383609155644365,10.264881543494987
示例方案 B,test,test-014,5.919071798969879,3.2923105426805876
示例方案 B,test,test-015,12.406707911233683,10.543472981314984
示例方案 B,test,test-016,18.04959881169779,18.16040671406504
示例方案 B,test,test-017,20.954681653185286,19.964236770350627
示例方案 B,test,test-018,1.4945120655957598,-1.4940178839088043
示例方案 B,test,test-019,62.60678964317436,60.68401590889143
示例方案 B,test,test-020,69.90317467244631,72.17381068422821
示例方案 B,test,test-021,13.00498217601247,8.593366015534325
示例方案 B,test,test-022,30.632921316722452,33.68655897234855
示例方案 B,test,test-023,21.751015371059204,20.969942631502764
示例方案 B,test,test-024,24.17233380132764,23.39670395582539
示例方案 B,test,test-025,19.61828669564443,19.522591666190717
示例方案 B,test,test-026,25.2003000235664,22.0400563560771
示例方案 B,test,test-027,16.010309290604717,17.482757927454447
示例方案 B,test,test-028,33.63927071926098,34.74675092534417
示例方案 B,test,test-029,18.39080266578175,18.801652014357526
示例方案 B,test,test-030,22.037009705601406,20.863302905379534
示例方案 B,test,test-031,50.536271907146656,47.69399230410694
示例方案 B,test,test-032,33.21253893515153,31.018687007630042
示例方案 B,test,test-033,9.431481420863426,9.733549435594542
示例方案 B,test,test-034,25.939408406516964,21.83566647776845
示例方案 B,test,test-035,38.22805861952207,37.136379725848634
示例方案 B,test,test-036,31.31936201784213,29.962733225123664
示例方案 B,test,test-037,20.145392507483265,15.064909716655064
示例方案 B,test,test-038,18.144630701194203,17.688129796659187
示例方案 B,test,test-039,19.361587751882674,20.497356373193238
示例方案 B,test,test-040,76.5936308713783,83.88052858975792
示例方案 B,test,test-041,20.694531189363346,23.549482019144136
示例方案 B,test,test-042,3.4708249144583623,3.3849431431183916
示例方案 B,test,test-043,12.041873314963446,15.88280137984529
示例方案 B,test,test-044,41.32928859404144,38.10421464323959
示例方案 B,test,test-045,19.66828949514275,22.515859974906043
示例方案 B,test,test-046,2.879612190587242,0.27318826919215544
示例方案 B,test,test-047,9.925439855678398,10.171811902634836
示例方案 B,test,test-048,23.28494248253344,19.814388419675787
示例方案 B,test,test-049,4.908680404587596,6.08638802947894
示例方案 B,test,test-050,11.485722255667492,9.154953257970613
示例方案 B,test,test-051,46.81603842430869,50.61728658927769
示例方案 B,test,test-052,36.273532986330906,34.970721160338
示例方案 B,test,test-053,32.646973751334215,35.39968725256971
示例方案 B,test,test-054,15.283474113867706,12.92810485486026
示例方案 B,test,test-055,44.927386125894756,43.25300494045279
示例方案 B,test,test-056,18.24513901210976,18.71480613206069
示例方案 B,test,test-057,19.76033908115039,19.610109473752445
示例方案 B,test,test-058,26.119375680298496,29.90302980019178
示例方案 B,test,test-059,20.432296506709573,19.422612396593916
示例方案 B,test,test-060,11.29909594054599,7.664229106626579
示例方案 B,test,test-061,26.077394340978216,26.394236813550634
示例方案 B,test,test-062,9.104257041707308,7.551866727445331
示例方案 B,test,test-063,27.462993754477637,29.240907251706922
示例方案 B,test,test-064,16.6059279025744,17.261142289578558
示例方案 B,test,test-065,21.027726830031483,19.57261626807206
示例方案 B,test,test-066,35.65760736131219,35.56558780473993
示例方案 B,test,test-067,28.64319826863192,30.37799365573764
示例方案 B,test,test-068,37.30296583159944,36.18657599287218
示例方案 B,test,test-069,17.398402171822042,19.408612374912643
