x,y,z
0.0,0.0,0.5475
0.125,0.0,0.4921191295442368
0.25,0.0,0.43227892280477037
0.375,0.0,0.366108600241796
0.5,0.0,0.31479592514076216
0.625,0.0,0.3031072717601059
0.75,0.0,0.3366175350540322
0.875,0.0,0.39658459796156365
1.0,0.0,0.45718074739870146
0.0,0.1111111111111111,0.5284876543209877
0.125,0.1111111111111111,0.4731067838652245
0.25,0.1111111111111111,0.41326657712575804
0.375,0.1111111111111111,0.34709625456278365
0.5,0.1111111111111111,0.29578357946174977
0.625,0.1111111111111111,0.2840949260810935
0.75,0.1111111111111111,0.31760518937501986
0.875,0.1111111111111111,0.3775722522825513
1.0,0.1111111111111111,0.4381684017196891
0.0,0.2222222222222222,0.5181172839506173
0.125,0.2222222222222222,0.4627364134948541
0.25,0.2222222222222222,0.4028962067553877
0.375,0.2222222222222222,0.3367258841924133
0.5,0.2222222222222222,0.2854132090913794
0.625,0.2222222222222222,0.2737245557107231
0.75,0.2222222222222222,0.3072348190046495
0.875,0.2222222222222222,0.36720188191218095
1.0,0.2222222222222222,0.42779803134931876
0.0,0.3333333333333333,0.5163888888888889
0.125,0.3333333333333333,0.4610080184331257
0.25,0.3333333333333333,0.4011678116936593
0.375,0.3333333333333333,0.3349974891306849
0.5,0.3333333333333333,0.283684814029651
0.625,0.3333333333333333,0.27199616064899473
0.75,0.3333333333333333,0.3055064239429211
0.875,0.3333333333333333,0.36547348685045256
1.0,0.3333333333333333,0.42606963628759037
0.0,0.4444444444444444,0.5233024691358025
0.125,0.4444444444444444,0.4679215986800393
0.25,0.4444444444444444,0.40808139194057286
0.375,0.4444444444444444,0.34191106937759846
0.5,0.4444444444444444,0.2905983942765646
0.625,0.4444444444444444,0.2789097408959083
0.75,0.4444444444444444,0.3124200041898347
0.875,0.4444444444444444,0.37238706709736613
1.0,0.4444444444444444,0.43298321653450395
0.0,0.5555555555555556,0.538858024691358
0.125,0.5555555555555556,0.48347715423559484
0.25,0.5555555555555556,0.4236369474961284
0.375,0.5555555555555556,0.357466624933154
0.5,0.5555555555555556,0.30615394983212013
0.625,0.5555555555555556,0.29446529645146385
0.75,0.5555555555555556,0.3279755597453902
0.875,0.5555555555555556,0.3879426226529217
1.0,0.5555555555555556,0.4485387720900595
0.0,0.6666666666666666,0.5630555555555555
0.125,0.6666666666666666,0.5076746850997924
0.25,0.6666666666666666,0.4478344783603259
0.375,0.6666666666666666,0.3816641557973515
0.5,0.6666666666666666,0.3303514806963177
0.625,0.6666666666666666,0.3186628273156614
0.75,0.6666666666666666,0.35217309060958774
0.875,0.6666666666666666,0.4121401535171192
1.0,0.6666666666666666,0.472736302954257
0.0,0.7777777777777777,0.595895061728395
0.125,0.7777777777777777,0.5405141912726319
0.25,0.7777777777777777,0.4806739845331654
0.375,0.7777777777777777,0.414503661970191
0.5,0.7777777777777777,0.3631909868691572
0.625,0.7777777777777777,0.3515023334885009
0.75,0.7777777777777777,0.3850125967824272
0.875,0.7777777777777777,0.4449796596899587
1.0,0.7777777777777777,0.5055758091270964
0.0,0.8888888888888888,0.6373765432098765
0.125,0.8888888888888888,0.5819956727541133
0.25,0.8888888888888888,0.5221554660146469
0.375,0.8888888888888888,0.4559851434516725
0.5,0.8888888888888888,0.40467246835063864
0.625,0.8888888888888888,0.39298381496998236
0.75,0.8888888888888888,0.4264940782639087
0.875,0.8888888888888888,0.4864611411714402
1.0,0.8888888888888888,0.5470572906085779
0.0,1.0,0.6875
0.125,1.0,0.6321191295442369
0.25,1.0,0.5722789228047703
0.375,1.0,0.5061086002417959
0.5,1.0,0.45479592514076206
0.625,1.0,0.4431072717601058
0.75,1.0,0.4766175350540322
0.875,1.0,0.5365845979615637
1.0,1.0,0.5971807473987014
